[
{
  "model": "auth.permission",
  "pk": 1,
  "fields": {
    "name": "Can add permission",
    "content_type": 1,
    "codename": "add_permission"
  }
},
{
  "model": "auth.permission",
  "pk": 2,
  "fields": {
    "name": "Can change permission",
    "content_type": 1,
    "codename": "change_permission"
  }
},
{
  "model": "auth.permission",
  "pk": 3,
  "fields": {
    "name": "Can delete permission",
    "content_type": 1,
    "codename": "delete_permission"
  }
},
{
  "model": "auth.permission",
  "pk": 4,
  "fields": {
    "name": "Can view permission",
    "content_type": 1,
    "codename": "view_permission"
  }
},
{
  "model": "auth.permission",
  "pk": 5,
  "fields": {
    "name": "Can add group",
    "content_type": 2,
    "codename": "add_group"
  }
},
{
  "model": "auth.permission",
  "pk": 6,
  "fields": {
    "name": "Can change group",
    "content_type": 2,
    "codename": "change_group"
  }
},
{
  "model": "auth.permission",
  "pk": 7,
  "fields": {
    "name": "Can delete group",
    "content_type": 2,
    "codename": "delete_group"
  }
},
{
  "model": "auth.permission",
  "pk": 8,
  "fields": {
    "name": "Can view group",
    "content_type": 2,
    "codename": "view_group"
  }
},
{
  "model": "auth.permission",
  "pk": 9,
  "fields": {
    "name": "Can add content type",
    "content_type": 3,
    "codename": "add_contenttype"
  }
},
{
  "model": "auth.permission",
  "pk": 10,
  "fields": {
    "name": "Can change content type",
    "content_type": 3,
    "codename": "change_contenttype"
  }
},
{
  "model": "auth.permission",
  "pk": 11,
  "fields": {
    "name": "Can delete content type",
    "content_type": 3,
    "codename": "delete_contenttype"
  }
},
{
  "model": "auth.permission",
  "pk": 12,
  "fields": {
    "name": "Can view content type",
    "content_type": 3,
    "codename": "view_contenttype"
  }
},
{
  "model": "auth.permission",
  "pk": 13,
  "fields": {
    "name": "Can add session",
    "content_type": 4,
    "codename": "add_session"
  }
},
{
  "model": "auth.permission",
  "pk": 14,
  "fields": {
    "name": "Can change session",
    "content_type": 4,
    "codename": "change_session"
  }
},
{
  "model": "auth.permission",
  "pk": 15,
  "fields": {
    "name": "Can delete session",
    "content_type": 4,
    "codename": "delete_session"
  }
},
{
  "model": "auth.permission",
  "pk": 16,
  "fields": {
    "name": "Can view session",
    "content_type": 4,
    "codename": "view_session"
  }
},
{
  "model": "auth.permission",
  "pk": 17,
  "fields": {
    "name": "Can add site",
    "content_type": 5,
    "codename": "add_site"
  }
},
{
  "model": "auth.permission",
  "pk": 18,
  "fields": {
    "name": "Can change site",
    "content_type": 5,
    "codename": "change_site"
  }
},
{
  "model": "auth.permission",
  "pk": 19,
  "fields": {
    "name": "Can delete site",
    "content_type": 5,
    "codename": "delete_site"
  }
},
{
  "model": "auth.permission",
  "pk": 20,
  "fields": {
    "name": "Can view site",
    "content_type": 5,
    "codename": "view_site"
  }
},
{
  "model": "auth.permission",
  "pk": 21,
  "fields": {
    "name": "Can add log entry",
    "content_type": 6,
    "codename": "add_logentry"
  }
},
{
  "model": "auth.permission",
  "pk": 22,
  "fields": {
    "name": "Can change log entry",
    "content_type": 6,
    "codename": "change_logentry"
  }
},
{
  "model": "auth.permission",
  "pk": 23,
  "fields": {
    "name": "Can delete log entry",
    "content_type": 6,
    "codename": "delete_logentry"
  }
},
{
  "model": "auth.permission",
  "pk": 24,
  "fields": {
    "name": "Can view log entry",
    "content_type": 6,
    "codename": "view_logentry"
  }
},
{
  "model": "auth.permission",
  "pk": 25,
  "fields": {
    "name": "Can add email address",
    "content_type": 7,
    "codename": "add_emailaddress"
  }
},
{
  "model": "auth.permission",
  "pk": 26,
  "fields": {
    "name": "Can change email address",
    "content_type": 7,
    "codename": "change_emailaddress"
  }
},
{
  "model": "auth.permission",
  "pk": 27,
  "fields": {
    "name": "Can delete email address",
    "content_type": 7,
    "codename": "delete_emailaddress"
  }
},
{
  "model": "auth.permission",
  "pk": 28,
  "fields": {
    "name": "Can view email address",
    "content_type": 7,
    "codename": "view_emailaddress"
  }
},
{
  "model": "auth.permission",
  "pk": 29,
  "fields": {
    "name": "Can add email confirmation",
    "content_type": 8,
    "codename": "add_emailconfirmation"
  }
},
{
  "model": "auth.permission",
  "pk": 30,
  "fields": {
    "name": "Can change email confirmation",
    "content_type": 8,
    "codename": "change_emailconfirmation"
  }
},
{
  "model": "auth.permission",
  "pk": 31,
  "fields": {
    "name": "Can delete email confirmation",
    "content_type": 8,
    "codename": "delete_emailconfirmation"
  }
},
{
  "model": "auth.permission",
  "pk": 32,
  "fields": {
    "name": "Can view email confirmation",
    "content_type": 8,
    "codename": "view_emailconfirmation"
  }
},
{
  "model": "auth.permission",
  "pk": 33,
  "fields": {
    "name": "Can add authenticator",
    "content_type": 9,
    "codename": "add_authenticator"
  }
},
{
  "model": "auth.permission",
  "pk": 34,
  "fields": {
    "name": "Can change authenticator",
    "content_type": 9,
    "codename": "change_authenticator"
  }
},
{
  "model": "auth.permission",
  "pk": 35,
  "fields": {
    "name": "Can delete authenticator",
    "content_type": 9,
    "codename": "delete_authenticator"
  }
},
{
  "model": "auth.permission",
  "pk": 36,
  "fields": {
    "name": "Can view authenticator",
    "content_type": 9,
    "codename": "view_authenticator"
  }
},
{
  "model": "auth.permission",
  "pk": 37,
  "fields": {
    "name": "Can add social account",
    "content_type": 10,
    "codename": "add_socialaccount"
  }
},
{
  "model": "auth.permission",
  "pk": 38,
  "fields": {
    "name": "Can change social account",
    "content_type": 10,
    "codename": "change_socialaccount"
  }
},
{
  "model": "auth.permission",
  "pk": 39,
  "fields": {
    "name": "Can delete social account",
    "content_type": 10,
    "codename": "delete_socialaccount"
  }
},
{
  "model": "auth.permission",
  "pk": 40,
  "fields": {
    "name": "Can view social account",
    "content_type": 10,
    "codename": "view_socialaccount"
  }
},
{
  "model": "auth.permission",
  "pk": 41,
  "fields": {
    "name": "Can add social application",
    "content_type": 11,
    "codename": "add_socialapp"
  }
},
{
  "model": "auth.permission",
  "pk": 42,
  "fields": {
    "name": "Can change social application",
    "content_type": 11,
    "codename": "change_socialapp"
  }
},
{
  "model": "auth.permission",
  "pk": 43,
  "fields": {
    "name": "Can delete social application",
    "content_type": 11,
    "codename": "delete_socialapp"
  }
},
{
  "model": "auth.permission",
  "pk": 44,
  "fields": {
    "name": "Can view social application",
    "content_type": 11,
    "codename": "view_socialapp"
  }
},
{
  "model": "auth.permission",
  "pk": 45,
  "fields": {
    "name": "Can add social application token",
    "content_type": 12,
    "codename": "add_socialtoken"
  }
},
{
  "model": "auth.permission",
  "pk": 46,
  "fields": {
    "name": "Can change social application token",
    "content_type": 12,
    "codename": "change_socialtoken"
  }
},
{
  "model": "auth.permission",
  "pk": 47,
  "fields": {
    "name": "Can delete social application token",
    "content_type": 12,
    "codename": "delete_socialtoken"
  }
},
{
  "model": "auth.permission",
  "pk": 48,
  "fields": {
    "name": "Can view social application token",
    "content_type": 12,
    "codename": "view_socialtoken"
  }
},
{
  "model": "auth.permission",
  "pk": 49,
  "fields": {
    "name": "Can add Token",
    "content_type": 13,
    "codename": "add_token"
  }
},
{
  "model": "auth.permission",
  "pk": 50,
  "fields": {
    "name": "Can change Token",
    "content_type": 13,
    "codename": "change_token"
  }
},
{
  "model": "auth.permission",
  "pk": 51,
  "fields": {
    "name": "Can delete Token",
    "content_type": 13,
    "codename": "delete_token"
  }
},
{
  "model": "auth.permission",
  "pk": 52,
  "fields": {
    "name": "Can view Token",
    "content_type": 13,
    "codename": "view_token"
  }
},
{
  "model": "auth.permission",
  "pk": 53,
  "fields": {
    "name": "Can add Token",
    "content_type": 14,
    "codename": "add_tokenproxy"
  }
},
{
  "model": "auth.permission",
  "pk": 54,
  "fields": {
    "name": "Can change Token",
    "content_type": 14,
    "codename": "change_tokenproxy"
  }
},
{
  "model": "auth.permission",
  "pk": 55,
  "fields": {
    "name": "Can delete Token",
    "content_type": 14,
    "codename": "delete_tokenproxy"
  }
},
{
  "model": "auth.permission",
  "pk": 56,
  "fields": {
    "name": "Can view Token",
    "content_type": 14,
    "codename": "view_tokenproxy"
  }
},
{
  "model": "auth.permission",
  "pk": 57,
  "fields": {
    "name": "Can add media",
    "content_type": 15,
    "codename": "add_media"
  }
},
{
  "model": "auth.permission",
  "pk": 58,
  "fields": {
    "name": "Can change media",
    "content_type": 15,
    "codename": "change_media"
  }
},
{
  "model": "auth.permission",
  "pk": 59,
  "fields": {
    "name": "Can delete media",
    "content_type": 15,
    "codename": "delete_media"
  }
},
{
  "model": "auth.permission",
  "pk": 60,
  "fields": {
    "name": "Can view media",
    "content_type": 15,
    "codename": "view_media"
  }
},
{
  "model": "auth.permission",
  "pk": 61,
  "fields": {
    "name": "Can add audio",
    "content_type": 16,
    "codename": "add_audio"
  }
},
{
  "model": "auth.permission",
  "pk": 62,
  "fields": {
    "name": "Can change audio",
    "content_type": 16,
    "codename": "change_audio"
  }
},
{
  "model": "auth.permission",
  "pk": 63,
  "fields": {
    "name": "Can delete audio",
    "content_type": 16,
    "codename": "delete_audio"
  }
},
{
  "model": "auth.permission",
  "pk": 64,
  "fields": {
    "name": "Can view audio",
    "content_type": 16,
    "codename": "view_audio"
  }
},
{
  "model": "auth.permission",
  "pk": 65,
  "fields": {
    "name": "Can add image",
    "content_type": 17,
    "codename": "add_image"
  }
},
{
  "model": "auth.permission",
  "pk": 66,
  "fields": {
    "name": "Can change image",
    "content_type": 17,
    "codename": "change_image"
  }
},
{
  "model": "auth.permission",
  "pk": 67,
  "fields": {
    "name": "Can delete image",
    "content_type": 17,
    "codename": "delete_image"
  }
},
{
  "model": "auth.permission",
  "pk": 68,
  "fields": {
    "name": "Can view image",
    "content_type": 17,
    "codename": "view_image"
  }
},
{
  "model": "auth.permission",
  "pk": 69,
  "fields": {
    "name": "Can add video",
    "content_type": 18,
    "codename": "add_video"
  }
},
{
  "model": "auth.permission",
  "pk": 70,
  "fields": {
    "name": "Can change video",
    "content_type": 18,
    "codename": "change_video"
  }
},
{
  "model": "auth.permission",
  "pk": 71,
  "fields": {
    "name": "Can delete video",
    "content_type": 18,
    "codename": "delete_video"
  }
},
{
  "model": "auth.permission",
  "pk": 72,
  "fields": {
    "name": "Can view video",
    "content_type": 18,
    "codename": "view_video"
  }
},
{
  "model": "auth.permission",
  "pk": 73,
  "fields": {
    "name": "Can add tag",
    "content_type": 19,
    "codename": "add_tag"
  }
},
{
  "model": "auth.permission",
  "pk": 74,
  "fields": {
    "name": "Can change tag",
    "content_type": 19,
    "codename": "change_tag"
  }
},
{
  "model": "auth.permission",
  "pk": 75,
  "fields": {
    "name": "Can delete tag",
    "content_type": 19,
    "codename": "delete_tag"
  }
},
{
  "model": "auth.permission",
  "pk": 76,
  "fields": {
    "name": "Can view tag",
    "content_type": 19,
    "codename": "view_tag"
  }
},
{
  "model": "auth.permission",
  "pk": 77,
  "fields": {
    "name": "Can add artist",
    "content_type": 20,
    "codename": "add_artist"
  }
},
{
  "model": "auth.permission",
  "pk": 78,
  "fields": {
    "name": "Can change artist",
    "content_type": 20,
    "codename": "change_artist"
  }
},
{
  "model": "auth.permission",
  "pk": 79,
  "fields": {
    "name": "Can delete artist",
    "content_type": 20,
    "codename": "delete_artist"
  }
},
{
  "model": "auth.permission",
  "pk": 80,
  "fields": {
    "name": "Can view artist",
    "content_type": 20,
    "codename": "view_artist"
  }
},
{
  "model": "auth.permission",
  "pk": 81,
  "fields": {
    "name": "Can add post",
    "content_type": 21,
    "codename": "add_post"
  }
},
{
  "model": "auth.permission",
  "pk": 82,
  "fields": {
    "name": "Can change post",
    "content_type": 21,
    "codename": "change_post"
  }
},
{
  "model": "auth.permission",
  "pk": 83,
  "fields": {
    "name": "Can delete post",
    "content_type": 21,
    "codename": "delete_post"
  }
},
{
  "model": "auth.permission",
  "pk": 84,
  "fields": {
    "name": "Can view post",
    "content_type": 21,
    "codename": "view_post"
  }
},
{
  "model": "auth.permission",
  "pk": 85,
  "fields": {
    "name": "Can add pool",
    "content_type": 22,
    "codename": "add_pool"
  }
},
{
  "model": "auth.permission",
  "pk": 86,
  "fields": {
    "name": "Can change pool",
    "content_type": 22,
    "codename": "change_pool"
  }
},
{
  "model": "auth.permission",
  "pk": 87,
  "fields": {
    "name": "Can delete pool",
    "content_type": 22,
    "codename": "delete_pool"
  }
},
{
  "model": "auth.permission",
  "pk": 88,
  "fields": {
    "name": "Can view pool",
    "content_type": 22,
    "codename": "view_pool"
  }
},
{
  "model": "auth.permission",
  "pk": 89,
  "fields": {
    "name": "Can add favorite",
    "content_type": 23,
    "codename": "add_favorite"
  }
},
{
  "model": "auth.permission",
  "pk": 90,
  "fields": {
    "name": "Can change favorite",
    "content_type": 23,
    "codename": "change_favorite"
  }
},
{
  "model": "auth.permission",
  "pk": 91,
  "fields": {
    "name": "Can delete favorite",
    "content_type": 23,
    "codename": "delete_favorite"
  }
},
{
  "model": "auth.permission",
  "pk": 92,
  "fields": {
    "name": "Can view favorite",
    "content_type": 23,
    "codename": "view_favorite"
  }
},
{
  "model": "auth.permission",
  "pk": 93,
  "fields": {
    "name": "Can add comment",
    "content_type": 24,
    "codename": "add_comment"
  }
},
{
  "model": "auth.permission",
  "pk": 94,
  "fields": {
    "name": "Can change comment",
    "content_type": 24,
    "codename": "change_comment"
  }
},
{
  "model": "auth.permission",
  "pk": 95,
  "fields": {
    "name": "Can delete comment",
    "content_type": 24,
    "codename": "delete_comment"
  }
},
{
  "model": "auth.permission",
  "pk": 96,
  "fields": {
    "name": "Can view comment",
    "content_type": 24,
    "codename": "view_comment"
  }
},
{
  "model": "auth.permission",
  "pk": 97,
  "fields": {
    "name": "Can add tag alias",
    "content_type": 25,
    "codename": "add_tagalias"
  }
},
{
  "model": "auth.permission",
  "pk": 98,
  "fields": {
    "name": "Can change tag alias",
    "content_type": 25,
    "codename": "change_tagalias"
  }
},
{
  "model": "auth.permission",
  "pk": 99,
  "fields": {
    "name": "Can delete tag alias",
    "content_type": 25,
    "codename": "delete_tagalias"
  }
},
{
  "model": "auth.permission",
  "pk": 100,
  "fields": {
    "name": "Can view tag alias",
    "content_type": 25,
    "codename": "view_tagalias"
  }
},
{
  "model": "auth.permission",
  "pk": 101,
  "fields": {
    "name": "Can add user",
    "content_type": 26,
    "codename": "add_user"
  }
},
{
  "model": "auth.permission",
  "pk": 102,
  "fields": {
    "name": "Can change user",
    "content_type": 26,
    "codename": "change_user"
  }
},
{
  "model": "auth.permission",
  "pk": 103,
  "fields": {
    "name": "Can delete user",
    "content_type": 26,
    "codename": "delete_user"
  }
},
{
  "model": "auth.permission",
  "pk": 104,
  "fields": {
    "name": "Can view user",
    "content_type": 26,
    "codename": "view_user"
  }
},
{
  "model": "auth.permission",
  "pk": 105,
  "fields": {
    "name": "Can add history entry",
    "content_type": 27,
    "codename": "add_historyentry"
  }
},
{
  "model": "auth.permission",
  "pk": 106,
  "fields": {
    "name": "Can change history entry",
    "content_type": 27,
    "codename": "change_historyentry"
  }
},
{
  "model": "auth.permission",
  "pk": 107,
  "fields": {
    "name": "Can delete history entry",
    "content_type": 27,
    "codename": "delete_historyentry"
  }
},
{
  "model": "auth.permission",
  "pk": 108,
  "fields": {
    "name": "Can view history entry",
    "content_type": 27,
    "codename": "view_historyentry"
  }
},
{
  "model": "auth.permission",
  "pk": 109,
  "fields": {
    "name": "Can add collection",
    "content_type": 22,
    "codename": "add_collection"
  }
},
{
  "model": "auth.permission",
  "pk": 110,
  "fields": {
    "name": "Can change collection",
    "content_type": 22,
    "codename": "change_collection"
  }
},
{
  "model": "auth.permission",
  "pk": 111,
  "fields": {
    "name": "Can delete collection",
    "content_type": 22,
    "codename": "delete_collection"
  }
},
{
  "model": "auth.permission",
  "pk": 112,
  "fields": {
    "name": "Can view collection",
    "content_type": 22,
    "codename": "view_collection"
  }
},
{
  "model": "auth.permission",
  "pk": 113,
  "fields": {
    "name": "Can add favorite",
    "content_type": 22,
    "codename": "add_favorite"
  }
},
{
  "model": "auth.permission",
  "pk": 114,
  "fields": {
    "name": "Can change favorite",
    "content_type": 22,
    "codename": "change_favorite"
  }
},
{
  "model": "auth.permission",
  "pk": 115,
  "fields": {
    "name": "Can delete favorite",
    "content_type": 22,
    "codename": "delete_favorite"
  }
},
{
  "model": "auth.permission",
  "pk": 116,
  "fields": {
    "name": "Can view favorite",
    "content_type": 22,
    "codename": "view_favorite"
  }
},
{
  "model": "auth.permission",
  "pk": 117,
  "fields": {
    "name": "Can add comment",
    "content_type": 23,
    "codename": "add_comment"
  }
},
{
  "model": "auth.permission",
  "pk": 118,
  "fields": {
    "name": "Can change comment",
    "content_type": 23,
    "codename": "change_comment"
  }
},
{
  "model": "auth.permission",
  "pk": 119,
  "fields": {
    "name": "Can delete comment",
    "content_type": 23,
    "codename": "delete_comment"
  }
},
{
  "model": "auth.permission",
  "pk": 120,
  "fields": {
    "name": "Can view comment",
    "content_type": 23,
    "codename": "view_comment"
  }
},
{
  "model": "auth.permission",
  "pk": 121,
  "fields": {
    "name": "Can add tag alias",
    "content_type": 24,
    "codename": "add_tagalias"
  }
},
{
  "model": "auth.permission",
  "pk": 122,
  "fields": {
    "name": "Can change tag alias",
    "content_type": 24,
    "codename": "change_tagalias"
  }
},
{
  "model": "auth.permission",
  "pk": 123,
  "fields": {
    "name": "Can delete tag alias",
    "content_type": 24,
    "codename": "delete_tagalias"
  }
},
{
  "model": "auth.permission",
  "pk": 124,
  "fields": {
    "name": "Can view tag alias",
    "content_type": 24,
    "codename": "view_tagalias"
  }
},
{
  "model": "auth.permission",
  "pk": 125,
  "fields": {
    "name": "Can add collection",
    "content_type": 25,
    "codename": "add_collection"
  }
},
{
  "model": "auth.permission",
  "pk": 126,
  "fields": {
    "name": "Can change collection",
    "content_type": 25,
    "codename": "change_collection"
  }
},
{
  "model": "auth.permission",
  "pk": 127,
  "fields": {
    "name": "Can delete collection",
    "content_type": 25,
    "codename": "delete_collection"
  }
},
{
  "model": "auth.permission",
  "pk": 128,
  "fields": {
    "name": "Can view collection",
    "content_type": 25,
    "codename": "view_collection"
  }
},
{
  "model": "auth.group",
  "pk": 1,
  "fields": {
    "name": "Moderator",
    "permissions": [
      4,
      77,
      78,
      79,
      80,
      61,
      62,
      63,
      64,
      97,
      98,
      99,
      100,
      109,
      85,
      110,
      86,
      111,
      87,
      112,
      88,
      65,
      67,
      68,
      57,
      59,
      60,
      81,
      82,
      83,
      84,
      73,
      74,
      75,
      76,
      93,
      94,
      95,
      96,
      69,
      71,
      72,
      104
    ]
  }
},
{
  "model": "sites.site",
  "pk": 1,
  "fields": {
    "domain": "example.com",
    "name": "Tesy's Tagboard"
  }
},
{
  "model": "account.emailaddress",
  "pk": 1,
  "fields": {
    "user": 1,
    "email": "tesy-tagboard@example.com",
    "verified": false,
    "primary": false
  }
},
{
  "model": "account.emailaddress",
  "pk": 4,
  "fields": {
    "user": 4,
    "email": "user1@example.com",
    "verified": false,
    "primary": true
  }
},
{
  "model": "tesys_tagboard.tag",
  "pk": 1,
  "fields": {
    "name": "red",
    "category": "BA",
    "description": "",
    "post_count": 5,
    "rating_level": 0
  }
},
{
  "model": "tesys_tagboard.tag",
  "pk": 2,
  "fields": {
    "name": "orange",
    "category": "BA",
    "description": "",
    "post_count": 3,
    "rating_level": 0
  }
},
{
  "model": "tesys_tagboard.tag",
  "pk": 3,
  "fields": {
    "name": "yellow",
    "category": "BA",
    "description": "",
    "post_count": 3,
    "rating_level": 0
  }
},
{
  "model": "tesys_tagboard.tag",
  "pk": 4,
  "fields": {
    "name": "green",
    "category": "BA",
    "description": "",
    "post_count": 3,
    "rating_level": 0
  }
},
{
  "model": "tesys_tagboard.tag",
  "pk": 5,
  "fields": {
    "name": "blue",
    "category": "BA",
    "description": "",
    "post_count": 5,
    "rating_level": 0
  }
},
{
  "model": "tesys_tagboard.tag",
  "pk": 6,
  "fields": {
    "name": "indigo",
    "category": "BA",
    "description": "",
    "post_count": 0,
    "rating_level": 0
  }
},
{
  "model": "tesys_tagboard.tag",
  "pk": 7,
  "fields": {
    "name": "violet",
    "category": "BA",
    "description": "",
    "post_count": 0,
    "rating_level": 0
  }
},
{
  "model": "tesys_tagboard.tag",
  "pk": 10,
  "fields": {
    "name": "public_domain",
    "category": "CO",
    "description": "",
    "post_count": 1,
    "rating_level": 0
  }
},
{
  "model": "tesys_tagboard.tag",
  "pk": 11,
  "fields": {
    "name": "CC_BY",
    "category": "CO",
    "description": "Creative Commons\r\nSee: https://creativecommons.org/share-your-work/cclicenses/",
    "post_count": 0,
    "rating_level": 0
  }
},
{
  "model": "tesys_tagboard.tag",
  "pk": 12,
  "fields": {
    "name": "CC_BY_SA",
    "category": "CO",
    "description": "Creative Commons\r\nSee: https://creativecommons.org/share-your-work/cclicenses/",
    "post_count": 0,
    "rating_level": 0
  }
},
{
  "model": "tesys_tagboard.tag",
  "pk": 13,
  "fields": {
    "name": "CC_BY_NC",
    "category": "CO",
    "description": "Creative Commons\r\nSee: https://creativecommons.org/share-your-work/cclicenses/",
    "post_count": 0,
    "rating_level": 0
  }
},
{
  "model": "tesys_tagboard.tag",
  "pk": 14,
  "fields": {
    "name": "pixabay",
    "category": "CO",
    "description": "Pixabay license\r\nSee: https://pixabay.com/service/license-summary/",
    "post_count": 0,
    "rating_level": 0
  }
},
{
  "model": "tesys_tagboard.tag",
  "pk": 15,
  "fields": {
    "name": "unsplash",
    "category": "CO",
    "description": "Unsplash license\r\nSee: https://unsplash.com/license",
    "post_count": 22,
    "rating_level": 0
  }
},
{
  "model": "tesys_tagboard.tag",
  "pk": 16,
  "fields": {
    "name": "bicycle",
    "category": "BA",
    "description": "",
    "post_count": 3,
    "rating_level": 0
  }
},
{
  "model": "tesys_tagboard.tag",
  "pk": 17,
  "fields": {
    "name": "trees",
    "category": "BA",
    "description": "",
    "post_count": 5,
    "rating_level": 0
  }
},
{
  "model": "tesys_tagboard.tag",
  "pk": 18,
  "fields": {
    "name": "road",
    "category": "BA",
    "description": "",
    "post_count": 2,
    "rating_level": 0
  }
},
{
  "model": "tesys_tagboard.tag",
  "pk": 19,
  "fields": {
    "name": "bricks",
    "category": "BA",
    "description": "",
    "post_count": 3,
    "rating_level": 0
  }
},
{
  "model": "tesys_tagboard.tag",
  "pk": 20,
  "fields": {
    "name": "fog",
    "category": "BA",
    "description": "",
    "post_count": 1,
    "rating_level": 0
  }
},
{
  "model": "tesys_tagboard.tag",
  "pk": 21,
  "fields": {
    "name": "Netherlands",
    "category": "BA",
    "description": "",
    "post_count": 1,
    "rating_level": 0
  }
},
{
  "model": "tesys_tagboard.tag",
  "pk": 22,
  "fields": {
    "name": "Fer_Troulik",
    "category": "AR",
    "description": "https://unsplash.com/@fertroulik",
    "post_count": 4,
    "rating_level": 0
  }
},
{
  "model": "tesys_tagboard.tag",
  "pk": 23,
  "fields": {
    "name": "bike_garage",
    "category": "BA",
    "description": "",
    "post_count": 0,
    "rating_level": 0
  }
},
{
  "model": "tesys_tagboard.tag",
  "pk": 24,
  "fields": {
    "name": "sign",
    "category": "BA",
    "description": "",
    "post_count": 5,
    "rating_level": 0
  }
},
{
  "model": "tesys_tagboard.tag",
  "pk": 25,
  "fields": {
    "name": "grayscale",
    "category": "BA",
    "description": "",
    "post_count": 0,
    "rating_level": 0
  }
},
{
  "model": "tesys_tagboard.tag",
  "pk": 26,
  "fields": {
    "name": "train",
    "category": "BA",
    "description": "",
    "post_count": 1,
    "rating_level": 0
  }
},
{
  "model": "tesys_tagboard.tag",
  "pk": 27,
  "fields": {
    "name": "underground",
    "category": "BA",
    "description": "",
    "post_count": 1,
    "rating_level": 0
  }
},
{
  "model": "tesys_tagboard.tag",
  "pk": 28,
  "fields": {
    "name": "subway",
    "category": "BA",
    "description": "",
    "post_count": 1,
    "rating_level": 0
  }
},
{
  "model": "tesys_tagboard.tag",
  "pk": 29,
  "fields": {
    "name": "transportation",
    "category": "BA",
    "description": "",
    "post_count": 1,
    "rating_level": 0
  }
},
{
  "model": "tesys_tagboard.tag",
  "pk": 30,
  "fields": {
    "name": "staircase",
    "category": "BA",
    "description": "",
    "post_count": 1,
    "rating_level": 0
  }
},
{
  "model": "tesys_tagboard.tag",
  "pk": 31,
  "fields": {
    "name": "stairs",
    "category": "BA",
    "description": "",
    "post_count": 2,
    "rating_level": 0
  }
},
{
  "model": "tesys_tagboard.tag",
  "pk": 32,
  "fields": {
    "name": "building",
    "category": "BA",
    "description": "",
    "post_count": 4,
    "rating_level": 0
  }
},
{
  "model": "tesys_tagboard.tag",
  "pk": 33,
  "fields": {
    "name": "urban",
    "category": "BA",
    "description": "",
    "post_count": 1,
    "rating_level": 0
  }
},
{
  "model": "tesys_tagboard.tag",
  "pk": 34,
  "fields": {
    "name": "Marc_Kleen",
    "category": "AR",
    "description": "See https://unsplash.com/@marckleen",
    "post_count": 6,
    "rating_level": 0
  }
},
{
  "model": "tesys_tagboard.tag",
  "pk": 35,
  "fields": {
    "name": "Rikki_Chan",
    "category": "AR",
    "description": "See https://unsplash.com/@rikkichan89",
    "post_count": 1,
    "rating_level": 0
  }
},
{
  "model": "tesys_tagboard.tag",
  "pk": 36,
  "fields": {
    "name": "train_station",
    "category": "BA",
    "description": "",
    "post_count": 1,
    "rating_level": 0
  }
},
{
  "model": "tesys_tagboard.tag",
  "pk": 37,
  "fields": {
    "name": "clock",
    "category": "BA",
    "description": "",
    "post_count": 1,
    "rating_level": 0
  }
},
{
  "model": "tesys_tagboard.tag",
  "pk": 38,
  "fields": {
    "name": "bench",
    "category": "BA",
    "description": "",
    "post_count": 1,
    "rating_level": 0
  }
},
{
  "model": "tesys_tagboard.tag",
  "pk": 39,
  "fields": {
    "name": "shadows",
    "category": "BA",
    "description": "",
    "post_count": 4,
    "rating_level": 0
  }
},
{
  "model": "tesys_tagboard.tag",
  "pk": 40,
  "fields": {
    "name": "Kyiv",
    "category": "BA",
    "description": "Kyiv, Україна",
    "post_count": 1,
    "rating_level": 0
  }
},
{
  "model": "tesys_tagboard.tag",
  "pk": 41,
  "fields": {
    "name": "books",
    "category": "BA",
    "description": "",
    "post_count": 1,
    "rating_level": 0
  }
},
{
  "model": "tesys_tagboard.tag",
  "pk": 42,
  "fields": {
    "name": "book_shop",
    "category": "BA",
    "description": "",
    "post_count": 0,
    "rating_level": 0
  }
},
{
  "model": "tesys_tagboard.tag",
  "pk": 43,
  "fields": {
    "name": "library",
    "category": "BA",
    "description": "",
    "post_count": 1,
    "rating_level": 0
  }
},
{
  "model": "tesys_tagboard.tag",
  "pk": 44,
  "fields": {
    "name": "Olena_Bohovyk",
    "category": "AR",
    "description": "See https://unsplash.com/@olenkasergienko",
    "post_count": 9,
    "rating_level": 0
  }
},
{
  "model": "tesys_tagboard.tag",
  "pk": 45,
  "fields": {
    "name": "black_pants",
    "category": "BA",
    "description": "",
    "post_count": 1,
    "rating_level": 0
  }
},
{
  "model": "tesys_tagboard.tag",
  "pk": 46,
  "fields": {
    "name": "wristwatch",
    "category": "BA",
    "description": "",
    "post_count": 1,
    "rating_level": 0
  }
},
{
  "model": "tesys_tagboard.tag",
  "pk": 47,
  "fields": {
    "name": "ring",
    "category": "BA",
    "description": "",
    "post_count": 1,
    "rating_level": 0
  }
},
{
  "model": "tesys_tagboard.tag",
  "pk": 48,
  "fields": {
    "name": "book",
    "category": "BA",
    "description": "",
    "post_count": 2,
    "rating_level": 0
  }
},
{
  "model": "tesys_tagboard.tag",
  "pk": 49,
  "fields": {
    "name": "tattoo",
    "category": "BA",
    "description": "",
    "post_count": 1,
    "rating_level": 0
  }
},
{
  "model": "tesys_tagboard.tag",
  "pk": 50,
  "fields": {
    "name": "handstand",
    "category": "BA",
    "description": "",
    "post_count": 1,
    "rating_level": 0
  }
},
{
  "model": "tesys_tagboard.tag",
  "pk": 51,
  "fields": {
    "name": "beach",
    "category": "BA",
    "description": "",
    "post_count": 1,
    "rating_level": 0
  }
},
{
  "model": "tesys_tagboard.tag",
  "pk": 52,
  "fields": {
    "name": "sunset",
    "category": "BA",
    "description": "",
    "post_count": 1,
    "rating_level": 0
  }
},
{
  "model": "tesys_tagboard.tag",
  "pk": 53,
  "fields": {
    "name": "sand",
    "category": "BA",
    "description": "",
    "post_count": 1,
    "rating_level": 0
  }
},
{
  "model": "tesys_tagboard.tag",
  "pk": 54,
  "fields": {
    "name": "footprints",
    "category": "BA",
    "description": "",
    "post_count": 1,
    "rating_level": 0
  }
},
{
  "model": "tesys_tagboard.tag",
  "pk": 55,
  "fields": {
    "name": "Annie_Spratt",
    "category": "AR",
    "description": "",
    "post_count": 6,
    "rating_level": 0
  }
},
{
  "model": "tesys_tagboard.tag",
  "pk": 56,
  "fields": {
    "name": "lord_of_the_rings",
    "category": "BA",
    "description": "",
    "post_count": 1,
    "rating_level": 0
  }
},
{
  "model": "tesys_tagboard.tag",
  "pk": 57,
  "fields": {
    "name": "white_pants",
    "category": "BA",
    "description": "",
    "post_count": 1,
    "rating_level": 0
  }
},
{
  "model": "tesys_tagboard.tag",
  "pk": 58,
  "fields": {
    "name": "neon_lights",
    "category": "BA",
    "description": "",
    "post_count": 2,
    "rating_level": 0
  }
},
{
  "model": "tesys_tagboard.tag",
  "pk": 59,
  "fields": {
    "name": "bridge",
    "category": "BA",
    "description": "",
    "post_count": 2,
    "rating_level": 0
  }
},
{
  "model": "tesys_tagboard.tag",
  "pk": 60,
  "fields": {
    "name": "street",
    "category": "BA",
    "description": "",
    "post_count": 3,
    "rating_level": 0
  }
},
{
  "model": "tesys_tagboard.tag",
  "pk": 61,
  "fields": {
    "name": "crosswalk",
    "category": "BA",
    "description": "",
    "post_count": 1,
    "rating_level": 0
  }
},
{
  "model": "tesys_tagboard.tag",
  "pk": 62,
  "fields": {
    "name": "sidewalk",
    "category": "BA",
    "description": "",
    "post_count": 5,
    "rating_level": 0
  }
},
{
  "model": "tesys_tagboard.tag",
  "pk": 63,
  "fields": {
    "name": "bollards",
    "category": "BA",
    "description": "",
    "post_count": 2,
    "rating_level": 0
  }
},
{
  "model": "tesys_tagboard.tag",
  "pk": 64,
  "fields": {
    "name": "baguettes",
    "category": "BA",
    "description": "",
    "post_count": 1,
    "rating_level": 0
  }
},
{
  "model": "tesys_tagboard.tag",
  "pk": 65,
  "fields": {
    "name": "fence",
    "category": "BA",
    "description": "",
    "post_count": 4,
    "rating_level": 0
  }
},
{
  "model": "tesys_tagboard.tag",
  "pk": 66,
  "fields": {
    "name": "hat",
    "category": "BA",
    "description": "",
    "post_count": 1,
    "rating_level": 0
  }
},
{
  "model": "tesys_tagboard.tag",
  "pk": 67,
  "fields": {
    "name": "newspaper",
    "category": "BA",
    "description": "",
    "post_count": 1,
    "rating_level": 0
  }
},
{
  "model": "tesys_tagboard.tag",
  "pk": 68,
  "fields": {
    "name": "brown_hair",
    "category": "BA",
    "description": "",
    "post_count": 1,
    "rating_level": 0
  }
},
{
  "model": "tesys_tagboard.tag",
  "pk": 69,
  "fields": {
    "name": "pub",
    "category": "BA",
    "description": "",
    "post_count": 1,
    "rating_level": 0
  }
},
{
  "model": "tesys_tagboard.tag",
  "pk": 70,
  "fields": {
    "name": "Poland",
    "category": "BA",
    "description": "",
    "post_count": 1,
    "rating_level": 0
  }
},
{
  "model": "tesys_tagboard.tag",
  "pk": 71,
  "fields": {
    "name": "cafe",
    "category": "BA",
    "description": "",
    "post_count": 1,
    "rating_level": 0
  }
},
{
  "model": "tesys_tagboard.tag",
  "pk": 72,
  "fields": {
    "name": "chairs",
    "category": "BA",
    "description": "",
    "post_count": 1,
    "rating_level": 0
  }
},
{
  "model": "tesys_tagboard.tag",
  "pk": 73,
  "fields": {
    "name": "rain",
    "category": "BA",
    "description": "",
    "post_count": 2,
    "rating_level": 0
  }
},
{
  "model": "tesys_tagboard.tag",
  "pk": 74,
  "fields": {
    "name": "cars",
    "category": "BA",
    "description": "",
    "post_count": 2,
    "rating_level": 0
  }
},
{
  "model": "tesys_tagboard.tag",
  "pk": 75,
  "fields": {
    "name": "snow",
    "category": "BA",
    "description": "",
    "post_count": 1,
    "rating_level": 0
  }
},
{
  "model": "tesys_tagboard.tag",
  "pk": 76,
  "fields": {
    "name": "water",
    "category": "BA",
    "description": "",
    "post_count": 1,
    "rating_level": 0
  }
},
{
  "model": "tesys_tagboard.tag",
  "pk": 77,
  "fields": {
    "name": "car",
    "category": "BA",
    "description": "",
    "post_count": 1,
    "rating_level": 0
  }
},
{
  "model": "tesys_tagboard.tag",
  "pk": 78,
  "fields": {
    "name": "tracks",
    "category": "BA",
    "description": "",
    "post_count": 1,
    "rating_level": 0
  }
},
{
  "model": "tesys_tagboard.tag",
  "pk": 79,
  "fields": {
    "name": "headphones",
    "category": "BA",
    "description": "",
    "post_count": 1,
    "rating_level": 0
  }
},
{
  "model": "tesys_tagboard.tag",
  "pk": 80,
  "fields": {
    "name": "sunlight",
    "category": "BA",
    "description": "",
    "post_count": 1,
    "rating_level": 0
  }
},
{
  "model": "tesys_tagboard.tag",
  "pk": 81,
  "fields": {
    "name": "sky",
    "category": "BA",
    "description": "",
    "post_count": 1,
    "rating_level": 0
  }
},
{
  "model": "tesys_tagboard.tag",
  "pk": 82,
  "fields": {
    "name": "illustration",
    "category": "BA",
    "description": "",
    "post_count": 1,
    "rating_level": 0
  }
},
{
  "model": "tesys_tagboard.tag",
  "pk": 83,
  "fields": {
    "name": "mountain",
    "category": "BA",
    "description": "",
    "post_count": 1,
    "rating_level": 0
  }
},
{
  "model": "tesys_tagboard.tag",
  "pk": 84,
  "fields": {
    "name": "sketch",
    "category": "BA",
    "description": "",
    "post_count": 2,
    "rating_level": 0
  }
},
{
  "model": "tesys_tagboard.tag",
  "pk": 85,
  "fields": {
    "name": "flower",
    "category": "BA",
    "description": "",
    "post_count": 0,
    "rating_level": 0
  }
},
{
  "model": "tesys_tagboard.tag",
  "pk": 86,
  "fields": {
    "name": "pear",
    "category": "BA",
    "description": "",
    "post_count": 1,
    "rating_level": 0
  }
},
{
  "model": "tesys_tagboard.tag",
  "pk": 87,
  "fields": {
    "name": "green_background",
    "category": "BA",
    "description": "",
    "post_count": 2,
    "rating_level": 0
  }
},
{
  "model": "tesys_tagboard.tag",
  "pk": 88,
  "fields": {
    "name": "fruit",
    "category": "BA",
    "description": "",
    "post_count": 2,
    "rating_level": 0
  }
},
{
  "model": "tesys_tagboard.tag",
  "pk": 89,
  "fields": {
    "name": "black_background",
    "category": "BA",
    "description": "",
    "post_count": 1,
    "rating_level": 0
  }
},
{
  "model": "tesys_tagboard.tag",
  "pk": 90,
  "fields": {
    "name": "smile",
    "category": "BA",
    "description": "",
    "post_count": 1,
    "rating_level": 0
  }
},
{
  "model": "tesys_tagboard.tag",
  "pk": 91,
  "fields": {
    "name": "mountains",
    "category": "BA",
    "description": "",
    "post_count": 1,
    "rating_level": 0
  }
},
{
  "model": "tesys_tagboard.tag",
  "pk": 92,
  "fields": {
    "name": "mushrooms",
    "category": "BA",
    "description": "",
    "post_count": 1,
    "rating_level": 0
  }
},
{
  "model": "tesys_tagboard.tag",
  "pk": 93,
  "fields": {
    "name": "fungi",
    "category": "BA",
    "description": "",
    "post_count": 1,
    "rating_level": 0
  }
},
{
  "model": "tesys_tagboard.tag",
  "pk": 94,
  "fields": {
    "name": "white",
    "category": "BA",
    "description": "",
    "post_count": 1,
    "rating_level": 0
  }
},
{
  "model": "tesys_tagboard.tag",
  "pk": 95,
  "fields": {
    "name": "window",
    "category": "BA",
    "description": "",
    "post_count": 1,
    "rating_level": 0
  }
},
{
  "model": "tesys_tagboard.tag",
  "pk": 96,
  "fields": {
    "name": "tram_tracks",
    "category": "BA",
    "description": "",
    "post_count": 2,
    "rating_level": 0
  }
},
{
  "model": "tesys_tagboard.tag",
  "pk": 97,
  "fields": {
    "name": "railing",
    "category": "BA",
    "description": "",
    "post_count": 1,
    "rating_level": 0
  }
},
{
  "model": "tesys_tagboard.tag",
  "pk": 98,
  "fields": {
    "name": "bus",
    "category": "BA",
    "description": "",
    "post_count": 0,
    "rating_level": 0
  }
},
{
  "model": "tesys_tagboard.tag",
  "pk": 99,
  "fields": {
    "name": "tram",
    "category": "BA",
    "description": "",
    "post_count": 1,
    "rating_level": 0
  }
},
{
  "model": "tesys_tagboard.tag",
  "pk": 100,
  "fields": {
    "name": "buildings",
    "category": "BA",
    "description": "",
    "post_count": 1,
    "rating_level": 0
  }
},
{
  "model": "tesys_tagboard.tag",
  "pk": 101,
  "fields": {
    "name": "windows",
    "category": "BA",
    "description": "",
    "post_count": 2,
    "rating_level": 0
  }
},
{
  "model": "tesys_tagboard.tag",
  "pk": 102,
  "fields": {
    "name": "dog",
    "category": "BA",
    "description": "",
    "post_count": 1,
    "rating_level": 0
  }
},
{
  "model": "tesys_tagboard.tag",
  "pk": 103,
  "fields": {
    "name": "blue_hat",
    "category": "BA",
    "description": "",
    "post_count": 1,
    "rating_level": 0
  }
},
{
  "model": "tesys_tagboard.tag",
  "pk": 104,
  "fields": {
    "name": "doors",
    "category": "BA",
    "description": "",
    "post_count": 1,
    "rating_level": 0
  }
},
{
  "model": "tesys_tagboard.tag",
  "pk": 105,
  "fields": {
    "name": "traffic_lights",
    "category": "BA",
    "description": "",
    "post_count": 0,
    "rating_level": 0
  }
},
{
  "model": "tesys_tagboard.tagalias",
  "pk": 1,
  "fields": {
    "name": "bike",
    "tag": 16
  }
},
{
  "model": "tesys_tagboard.tagalias",
  "pk": 2,
  "fields": {
    "name": "greyscale",
    "tag": 25
  }
},
{
  "model": "tesys_tagboard.media",
  "pk": 9,
  "fields": {
    "orig_name": "fer-troulik-jC_ewVSpYeo-unsplash.jpg",
    "type": "JPEG",
    "upload_date": "2025-11-15T02:21:49.469Z",
    "edit_date": "2025-11-15T02:21:49.469Z",
    "src_url": ""
  }
},
{
  "model": "tesys_tagboard.media",
  "pk": 10,
  "fields": {
    "orig_name": "fer-troulik-DWv_jcGE3hE-unsplash.jpg",
    "type": "JPEG",
    "upload_date": "2025-11-15T02:30:04.831Z",
    "edit_date": "2025-11-15T02:30:04.831Z",
    "src_url": ""
  }
},
{
  "model": "tesys_tagboard.media",
  "pk": 11,
  "fields": {
    "orig_name": "marc-kleen-Hg5-RwwjHu0-unsplash.jpg",
    "type": "JPEG",
    "upload_date": "2025-11-15T02:36:06.023Z",
    "edit_date": "2025-11-15T02:36:06.023Z",
    "src_url": "https://unsplash.com/photos/close-up-photography-of-bicycles-Hg5-RwwjHu0"
  }
},
{
  "model": "tesys_tagboard.media",
  "pk": 12,
  "fields": {
    "orig_name": "rikki-chan-_k31aFqnmTM-unsplash.jpg",
    "type": "JPEG",
    "upload_date": "2025-11-15T02:37:17.618Z",
    "edit_date": "2025-11-15T02:37:17.618Z",
    "src_url": ""
  }
},
{
  "model": "tesys_tagboard.media",
  "pk": 13,
  "fields": {
    "orig_name": "fer-troulik-MHeP5iknIgw-unsplash.jpg",
    "type": "JPEG",
    "upload_date": "2025-11-15T02:43:44.088Z",
    "edit_date": "2025-11-15T02:43:44.088Z",
    "src_url": "https://unsplash.com/photos/red-structural-railway-station-MHeP5iknIgw"
  }
},
{
  "model": "tesys_tagboard.media",
  "pk": 14,
  "fields": {
    "orig_name": "olena-bohovyk-Ft_Wn-K5YH8-unsplash.jpg",
    "type": "JPEG",
    "upload_date": "2025-11-15T03:00:36.965Z",
    "edit_date": "2025-11-15T03:00:36.966Z",
    "src_url": "https://unsplash.com/photos/books-on-brown-wooden-shelf-Ft_Wn-K5YH8"
  }
},
{
  "model": "tesys_tagboard.media",
  "pk": 15,
  "fields": {
    "orig_name": "olena-bohovyk-GJ5QXI_vB4o-unsplash.jpg",
    "type": "JPEG",
    "upload_date": "2025-11-15T03:08:42.869Z",
    "edit_date": "2025-11-15T03:08:42.869Z",
    "src_url": "https://unsplash.com/photos/a-person-sitting-in-a-chair-holding-a-book-GJ5QXI_vB4o"
  }
},
{
  "model": "tesys_tagboard.media",
  "pk": 16,
  "fields": {
    "orig_name": "marc-kleen-Jo025H0ILaM-unsplash.jpg",
    "type": "JPEG",
    "upload_date": "2025-11-15T03:17:11.053Z",
    "edit_date": "2025-11-15T03:17:11.053Z",
    "src_url": "https://unsplash.com/photos/person-near-body-of-water-during-golden-hour-Jo025H0ILaM"
  }
},
{
  "model": "tesys_tagboard.media",
  "pk": 17,
  "fields": {
    "orig_name": "annie-spratt-Xa57CFEv5ko-unsplash.jpg",
    "type": "JPEG",
    "upload_date": "2025-11-15T03:22:17.640Z",
    "edit_date": "2025-11-15T03:22:17.640Z",
    "src_url": "https://unsplash.com/photos/photography-of-person-holding-book-Xa57CFEv5ko"
  }
},
{
  "model": "tesys_tagboard.media",
  "pk": 18,
  "fields": {
    "orig_name": "olena-bohovyk-2ObffVltX6g-unsplash.jpg",
    "type": "JPEG",
    "upload_date": "2025-11-15T03:25:15.321Z",
    "edit_date": "2025-11-15T03:25:15.321Z",
    "src_url": "https://unsplash.com/photos/a-woman-sitting-on-a-bench-in-front-of-a-neon-sign-2ObffVltX6g"
  }
},
{
  "model": "tesys_tagboard.media",
  "pk": 19,
  "fields": {
    "orig_name": "marc-kleen-l6FrGXV78vk-unsplash.jpg",
    "type": "JPEG",
    "upload_date": "2025-11-15T03:30:07.098Z",
    "edit_date": "2025-11-15T03:30:07.098Z",
    "src_url": "https://unsplash.com/photos/a-bridge-crossing-over-a-body-of-water-l6FrGXV78vk"
  }
},
{
  "model": "tesys_tagboard.media",
  "pk": 20,
  "fields": {
    "orig_name": "marc-kleen-2hTlFjMzxR0-unsplash.jpg",
    "type": "JPEG",
    "upload_date": "2025-11-15T03:35:22.483Z",
    "edit_date": "2025-11-15T03:35:22.483Z",
    "src_url": "https://unsplash.com/photos/a-woman-walking-down-a-street-next-to-tall-buildings-2hTlFjMzxR0"
  }
},
{
  "model": "tesys_tagboard.media",
  "pk": 21,
  "fields": {
    "orig_name": "olena-bohovyk-pw7z1XCTcnQ-unsplash.jpg",
    "type": "JPEG",
    "upload_date": "2025-11-15T03:40:47.099Z",
    "edit_date": "2025-11-15T03:40:47.099Z",
    "src_url": "https://unsplash.com/photos/a-person-sitting-in-a-chair-pw7z1XCTcnQ"
  }
},
{
  "model": "tesys_tagboard.media",
  "pk": 22,
  "fields": {
    "orig_name": "olena-bohovyk-JSN8MiNKlbk-unsplash.jpg",
    "type": "JPEG",
    "upload_date": "2025-11-15T03:44:44.358Z",
    "edit_date": "2025-11-15T03:44:44.358Z",
    "src_url": "https://unsplash.com/photos/a-restaurant-with-tables-and-chairs-outside-JSN8MiNKlbk"
  }
},
{
  "model": "tesys_tagboard.media",
  "pk": 23,
  "fields": {
    "orig_name": "olena-bohovyk-Oqbw4rjBnXY-unsplash.jpg",
    "type": "JPEG",
    "upload_date": "2025-11-15T03:47:57.034Z",
    "edit_date": "2025-11-15T03:47:57.034Z",
    "src_url": "https://unsplash.com/photos/a-sidewalk-lined-with-parked-cars-next-to-a-tree-Oqbw4rjBnXY"
  }
},
{
  "model": "tesys_tagboard.media",
  "pk": 24,
  "fields": {
    "orig_name": "olena-bohovyk-Ukjz6WWWrjM-unsplash.jpg",
    "type": "JPEG",
    "upload_date": "2025-11-15T03:51:15.728Z",
    "edit_date": "2025-11-15T03:51:15.728Z",
    "src_url": "https://unsplash.com/photos/an-aerial-view-of-a-car-parked-in-the-snow-Ukjz6WWWrjM"
  }
},
{
  "model": "tesys_tagboard.media",
  "pk": 25,
  "fields": {
    "orig_name": "olena-bohovyk-idl3p8OXv3g-unsplash.jpg",
    "type": "JPEG",
    "upload_date": "2025-11-15T04:06:45.355Z",
    "edit_date": "2025-11-15T04:06:45.355Z",
    "src_url": "https://unsplash.com/photos/a-blue-bird-on-a-wire-fence-idl3p8OXv3g"
  }
},
{
  "model": "tesys_tagboard.media",
  "pk": 26,
  "fields": {
    "orig_name": "olena-bohovyk-C-uj0objXlY-unsplash.jpg",
    "type": "JPEG",
    "upload_date": "2025-11-15T04:09:23.471Z",
    "edit_date": "2025-11-15T04:09:23.471Z",
    "src_url": "https://unsplash.com/photos/C-uj0objXlY"
  }
},
{
  "model": "tesys_tagboard.media",
  "pk": 27,
  "fields": {
    "orig_name": "annie-spratt-XFw8bh4v0Jg-unsplash.png",
    "type": "PNG",
    "upload_date": "2025-11-15T04:15:56.063Z",
    "edit_date": "2025-11-15T04:15:56.064Z",
    "src_url": "https://unsplash.com/illustrations/a-detailed-pen-sketch-of-a-mountain-range-XFw8bh4v0Jg"
  }
},
{
  "model": "tesys_tagboard.media",
  "pk": 28,
  "fields": {
    "orig_name": "annie-spratt-9MXmMSdR9zg-unsplash.png",
    "type": "PNG",
    "upload_date": "2025-11-15T04:18:30.384Z",
    "edit_date": "2025-11-15T04:18:30.384Z",
    "src_url": "https://unsplash.com/illustrations/a-halved-green-pear-on-a-light-green-background-9MXmMSdR9zg"
  }
},
{
  "model": "tesys_tagboard.media",
  "pk": 29,
  "fields": {
    "orig_name": "annie-spratt-CsbFknQyHHY-unsplash.png",
    "type": "PNG",
    "upload_date": "2025-11-15T04:21:25.059Z",
    "edit_date": "2025-11-15T04:21:25.059Z",
    "src_url": "https://unsplash.com/illustrations/a-happy-orange-with-a-leaf-on-black-background-CsbFknQyHHY"
  }
},
{
  "model": "tesys_tagboard.media",
  "pk": 30,
  "fields": {
    "orig_name": "annie-spratt-tXJUmFeF1e0-unsplash.png",
    "type": "PNG",
    "upload_date": "2025-11-15T04:28:38.299Z",
    "edit_date": "2025-11-15T04:28:38.299Z",
    "src_url": "https://unsplash.com/illustrations/heres-a-caption-mountains-are-illustrated-in-this-black-and-white-art-tXJUmFeF1e0"
  }
},
{
  "model": "tesys_tagboard.media",
  "pk": 31,
  "fields": {
    "orig_name": "annie-spratt-rynRTSE3ai8-unsplash.png",
    "type": "PNG",
    "upload_date": "2025-11-15T04:32:08.017Z",
    "edit_date": "2025-11-15T04:32:08.017Z",
    "src_url": "https://unsplash.com/illustrations/red-mushrooms-with-white-spots-on-a-green-background-rynRTSE3ai8"
  }
},
{
  "model": "tesys_tagboard.media",
  "pk": 32,
  "fields": {
    "orig_name": "marc-kleen-w7n9zElD4lc-unsplash.jpg",
    "type": "JPEG",
    "upload_date": "2025-11-15T04:50:00.470Z",
    "edit_date": "2025-11-15T04:50:00.470Z",
    "src_url": "https://unsplash.com/photos/a-person-walking-across-a-bridge-on-a-foggy-day-w7n9zElD4lc"
  }
},
{
  "model": "tesys_tagboard.media",
  "pk": 33,
  "fields": {
    "orig_name": "marc-kleen-UAhnKj-2Aj0-unsplash.jpg",
    "type": "JPEG",
    "upload_date": "2025-11-15T04:54:41.011Z",
    "edit_date": "2025-11-15T04:54:41.011Z",
    "src_url": "https://unsplash.com/photos/a-city-street-filled-with-lots-of-traffic-next-to-tall-buildings-UAhnKj-2Aj0"
  }
},
{
  "model": "tesys_tagboard.media",
  "pk": 34,
  "fields": {
    "orig_name": "fer-troulik-dz8ROJjlp3s-unsplash.jpg",
    "type": "JPEG",
    "upload_date": "2025-11-15T04:57:40.180Z",
    "edit_date": "2025-11-15T04:57:40.180Z",
    "src_url": "https://unsplash.com/de/fotos/zwei-menschen-gehen-vor-einem-backsteingebaude-dz8ROJjlp3s"
  }
},
{
  "model": "tesys_tagboard.media",
  "pk": 35,
  "fields": {
    "orig_name": "fox-9926543_640.png",
    "type": "PNG",
    "upload_date": "2025-11-20T16:17:38.303Z",
    "edit_date": "2025-11-20T16:17:38.304Z",
    "src_url": ""
  }
},
{
  "model": "tesys_tagboard.image",
  "pk": 9,
  "fields": {
    "file": "uploads/2025/11/15/967fcee7-4102-4050-8226-b0edfacf95b3",
    "md5": "486d5f396be6f14fb4a1ab7e08d88dc4",
    "phash": "b92d0bb55be0b189",
    "dhash": "1b181a9a181c9219"
  }
},
{
  "model": "tesys_tagboard.image",
  "pk": 10,
  "fields": {
    "file": "uploads/2025/11/15/a406fb7c-6e6a-4bea-b76e-b13b1a096e45",
    "md5": "b6d373f0ff5d6c19d86ca3b22dc400bb",
    "phash": "c9aed753916fa404",
    "dhash": "6163e6e3bbf071f8"
  }
},
{
  "model": "tesys_tagboard.image",
  "pk": 11,
  "fields": {
    "file": "uploads/2025/11/15/714fb569-033a-4f37-8d82-5cb545097c8f",
    "md5": "d2897b0c203b85a66bb4a1dd2e5086d4",
    "phash": "82cf67c03239d9b6",
    "dhash": "ca633b9dddd0afaa"
  }
},
{
  "model": "tesys_tagboard.image",
  "pk": 12,
  "fields": {
    "file": "uploads/2025/11/15/688f8fbf-0c4e-4e40-9154-d93bae752c26",
    "md5": "fa63224589cb100da3513e5afea91d8e",
    "phash": "95917d9c61955ce4",
    "dhash": "fcf8fafafef4fcf8"
  }
},
{
  "model": "tesys_tagboard.image",
  "pk": 13,
  "fields": {
    "file": "uploads/2025/11/15/a6613080-be61-4879-882d-1ea96e7450ef",
    "md5": "10b8d2fcabd02ffa7e198ea7224f1505",
    "phash": "c1345ac56e2533f9",
    "dhash": "b8a89ae6e3d2b2f9"
  }
},
{
  "model": "tesys_tagboard.image",
  "pk": 14,
  "fields": {
    "file": "uploads/2025/11/15/d338ddc8-94f1-498b-9292-7817841233c8",
    "md5": "1c7d739824dfa27a394d8152c45b6ecb",
    "phash": "b5c3438743f2a8ab",
    "dhash": "c8cc9f9cde9e0e9e"
  }
},
{
  "model": "tesys_tagboard.image",
  "pk": 15,
  "fields": {
    "file": "uploads/2025/11/15/562516b1-e9e0-4dd4-94af-53b033f3f026",
    "md5": "ebab9d71029fbbe42aaef1df3b719e90",
    "phash": "8db3d6c313582de4",
    "dhash": "f8ae373bf3d3f1a4"
  }
},
{
  "model": "tesys_tagboard.image",
  "pk": 16,
  "fields": {
    "file": "uploads/2025/11/15/21bc8823-955d-4746-9cb4-6c9058af6bb5",
    "md5": "40f19974399eaca21c7804cbe8bba3cd",
    "phash": "e6c619595924ce5b",
    "dhash": "f0c8ecccc8cc9696"
  }
},
{
  "model": "tesys_tagboard.image",
  "pk": 17,
  "fields": {
    "file": "uploads/2025/11/15/69029f75-b889-4c79-96c8-773ea126dfad",
    "md5": "dba033d28d5f2f8361618c762796581d",
    "phash": "8c3e3ce0c1677ec8",
    "dhash": "f6737df9d9e5f7f2"
  }
},
{
  "model": "tesys_tagboard.image",
  "pk": 18,
  "fields": {
    "file": "uploads/2025/11/15/b873483e-ae36-4853-9d38-899cbaf3410e",
    "md5": "69d70376a7880e482e5436ece964913c",
    "phash": "d4252d3766b199d2",
    "dhash": "6622b0806d78bc60"
  }
},
{
  "model": "tesys_tagboard.image",
  "pk": 19,
  "fields": {
    "file": "uploads/2025/11/15/07b3c624-5d82-4b0d-b171-dda3596320e5",
    "md5": "b15f8c428a85c580acc824559e3c6a9e",
    "phash": "ba97c5c2ecb59103",
    "dhash": "b0e97c3f799987f2"
  }
},
{
  "model": "tesys_tagboard.image",
  "pk": 20,
  "fields": {
    "file": "uploads/2025/11/15/54b693e4-9f7a-4b7c-8a00-65557c13ed19",
    "md5": "e156e3c1018e1cdb200e6085c4645212",
    "phash": "c6c679b99298ad85",
    "dhash": "60c0c4c4cce7f130"
  }
},
{
  "model": "tesys_tagboard.image",
  "pk": 21,
  "fields": {
    "file": "uploads/2025/11/15/d3528aa1-a759-4329-8603-198adaeeacd4",
    "md5": "28a0535ea6601e05215be953b900a06c",
    "phash": "dd0977401acc23fd",
    "dhash": "28125ab1b2cc1459"
  }
},
{
  "model": "tesys_tagboard.image",
  "pk": 22,
  "fields": {
    "file": "uploads/2025/11/15/9a81e73c-ef55-4bb1-b60e-77f6f5988443",
    "md5": "448b7cf106cfddcd93af3c650203af28",
    "phash": "8cec5a3133ce39d8",
    "dhash": "72a6a2e6bef6e0d8"
  }
},
{
  "model": "tesys_tagboard.image",
  "pk": 23,
  "fields": {
    "file": "uploads/2025/11/15/d6936af4-787c-4f09-bf6b-33e67578a106",
    "md5": "6a7df741d54f92fadd0631c78c034f92",
    "phash": "9939329a9895b6b6",
    "dhash": "b8991e3279f8f878"
  }
},
{
  "model": "tesys_tagboard.image",
  "pk": 24,
  "fields": {
    "file": "uploads/2025/11/15/35cedf49-d9cc-4e44-9e9d-bdd43b7a4df0",
    "md5": "c5efb94af835bd426169948f7949d2a2",
    "phash": "c0a4645038f79fd7",
    "dhash": "94d5ec9eb0e08016"
  }
},
{
  "model": "tesys_tagboard.image",
  "pk": 25,
  "fields": {
    "file": "uploads/2025/11/15/6713c2ca-4fbb-4174-ae2d-e308e4dc276b",
    "md5": "86467d00aae297e367c64a8ee3eb059b",
    "phash": "d2d2e068283f97d9",
    "dhash": "a9d83878706ccac2"
  }
},
{
  "model": "tesys_tagboard.image",
  "pk": 26,
  "fields": {
    "file": "uploads/2025/11/15/97fa8939-002b-431a-b87b-1aee0480e521",
    "md5": "8ad8c03861d623734be685a98c049d13",
    "phash": "e15e14fa8ea5d9a0",
    "dhash": "644e868f8f8b86c6"
  }
},
{
  "model": "tesys_tagboard.image",
  "pk": 27,
  "fields": {
    "file": "uploads/2025/11/15/dfe5b0af-6a90-43e2-8358-7106f2ac7eba",
    "md5": "6e8c62ceca72db98a55e3452c3e7f69b",
    "phash": "bc60c39f3c60c29f",
    "dhash": "0032cc1673c42000"
  }
},
{
  "model": "tesys_tagboard.image",
  "pk": 28,
  "fields": {
    "file": "uploads/2025/11/15/6cb67560-df6e-47d5-8022-eac0859bcb00",
    "md5": "3045ebedda879ce369f58f1286d39138",
    "phash": "cd9636cb98499b31",
    "dhash": "142512b2b26b9206"
  }
},
{
  "model": "tesys_tagboard.image",
  "pk": 29,
  "fields": {
    "file": "uploads/2025/11/15/115b3aac-f937-40f4-af3b-99ad7e686ce7",
    "md5": "0bb2fd6c1d3c1cea3097c3835a9b69d9",
    "phash": "9769789765ce2498",
    "dhash": "601871e0d4e46830"
  }
},
{
  "model": "tesys_tagboard.image",
  "pk": 30,
  "fields": {
    "file": "uploads/2025/11/15/7aa074bd-74e6-45c9-9202-04a17de882ff",
    "md5": "3cde8be00d816905acbbe026be2bf66a",
    "phash": "dfa05fa8c51ae00f",
    "dhash": "80808024d2236164"
  }
},
{
  "model": "tesys_tagboard.image",
  "pk": 31,
  "fields": {
    "file": "uploads/2025/11/15/a35863f4-49e8-4e00-aedf-e5e292fe40b1",
    "md5": "fba0960a447c406b556b6736106a43f2",
    "phash": "c43333c869c637f2",
    "dhash": "32dcc464f4a4a5dd"
  }
},
{
  "model": "tesys_tagboard.image",
  "pk": 32,
  "fields": {
    "file": "uploads/2025/11/15/de087860-aa75-43d4-b440-bd2cad3b7b23",
    "md5": "68b3b8443764fa275670f79b8aa521ac",
    "phash": "c9a55a68b6da2996",
    "dhash": "8ec2f26ac6933078"
  }
},
{
  "model": "tesys_tagboard.image",
  "pk": 33,
  "fields": {
    "file": "uploads/2025/11/15/c2faeb65-aa86-4f88-87e5-6d7bf06ab5a0",
    "md5": "5afd04baf39ee99bf2350399cf8f57cd",
    "phash": "c1c9d0f21632b79e",
    "dhash": "d8f0f2e0e4ce942c"
  }
},
{
  "model": "tesys_tagboard.image",
  "pk": 34,
  "fields": {
    "file": "uploads/2025/11/15/fd0f535c-286e-4250-ac9f-95ab57659486",
    "md5": "af0f471b9936d5c534385c456f815b56",
    "phash": "afd0d02df10f6991",
    "dhash": "84ac2a7717176192"
  }
},
{
  "model": "tesys_tagboard.image",
  "pk": 35,
  "fields": {
    "file": "uploads/2025/11/20/f6b19f77-747b-442a-8598-c2fbcc6bf849",
    "md5": "fe3c5cd65608c97a200191b7de7360c4",
    "phash": "ead8b473c526d413",
    "dhash": "0511616559094575"
  }
},
{
  "model": "tesys_tagboard.post",
  "pk": 9,
  "fields": {
    "title": "",
    "uploader": 1,
    "post_date": "2025-11-15T02:21:49.601Z",
    "rating_level": 0,
    "tags": [
      32,
      22,
      30,
      31,
      15
    ]
  }
},
{
  "model": "tesys_tagboard.post",
  "pk": 10,
  "fields": {
    "title": "",
    "uploader": 1,
    "post_date": "2025-11-15T02:30:04.914Z",
    "rating_level": 0,
    "tags": [
      22,
      24,
      28,
      26,
      27,
      15,
      3
    ]
  }
},
{
  "model": "tesys_tagboard.post",
  "pk": 11,
  "fields": {
    "title": "",
    "uploader": 1,
    "post_date": "2025-11-15T02:36:06.041Z",
    "rating_level": 0,
    "tags": [
      16,
      5,
      34,
      18,
      29,
      15
    ]
  }
},
{
  "model": "tesys_tagboard.post",
  "pk": 12,
  "fields": {
    "title": "",
    "uploader": 1,
    "post_date": "2025-11-15T02:37:17.670Z",
    "rating_level": 0,
    "tags": [
      16,
      4,
      35,
      18,
      17,
      15
    ]
  }
},
{
  "model": "tesys_tagboard.post",
  "pk": 13,
  "fields": {
    "title": "",
    "uploader": 1,
    "post_date": "2025-11-15T02:43:44.149Z",
    "rating_level": 0,
    "tags": [
      38,
      5,
      37,
      22,
      21,
      1,
      39,
      24,
      36
    ]
  }
},
{
  "model": "tesys_tagboard.post",
  "pk": 14,
  "fields": {
    "title": "",
    "uploader": 1,
    "post_date": "2025-11-15T03:00:36.983Z",
    "rating_level": 0,
    "tags": [
      41,
      40,
      43,
      44
    ]
  }
},
{
  "model": "tesys_tagboard.post",
  "pk": 15,
  "fields": {
    "title": "",
    "uploader": 1,
    "post_date": "2025-11-15T03:08:42.885Z",
    "rating_level": 0,
    "tags": [
      45,
      48,
      44,
      47,
      49,
      15,
      46
    ]
  }
},
{
  "model": "tesys_tagboard.post",
  "pk": 16,
  "fields": {
    "title": "",
    "uploader": 1,
    "post_date": "2025-11-15T03:17:11.074Z",
    "rating_level": 1,
    "tags": [
      51,
      5,
      54,
      50,
      34,
      2,
      53,
      39,
      52,
      15
    ]
  }
},
{
  "model": "tesys_tagboard.post",
  "pk": 17,
  "fields": {
    "title": "",
    "uploader": 1,
    "post_date": "2025-11-15T03:22:17.753Z",
    "rating_level": 1,
    "tags": [
      55,
      48,
      56,
      1,
      15
    ]
  }
},
{
  "model": "tesys_tagboard.post",
  "pk": 18,
  "fields": {
    "title": "",
    "uploader": 1,
    "post_date": "2025-11-15T03:25:15.458Z",
    "rating_level": 1,
    "tags": [
      58,
      44,
      24,
      15,
      57
    ]
  }
},
{
  "model": "tesys_tagboard.post",
  "pk": 19,
  "fields": {
    "title": "",
    "uploader": 1,
    "post_date": "2025-11-15T03:30:07.115Z",
    "rating_level": 0,
    "tags": [
      5,
      19,
      59,
      34,
      2,
      1,
      31
    ]
  }
},
{
  "model": "tesys_tagboard.post",
  "pk": 20,
  "fields": {
    "title": "",
    "uploader": 1,
    "post_date": "2025-11-15T03:35:22.504Z",
    "rating_level": 1,
    "tags": [
      63,
      32,
      61,
      34,
      62,
      60,
      15,
      3
    ]
  }
},
{
  "model": "tesys_tagboard.post",
  "pk": 21,
  "fields": {
    "title": "",
    "uploader": 1,
    "post_date": "2025-11-15T03:40:47.118Z",
    "rating_level": 1,
    "tags": [
      64,
      68,
      65,
      66,
      67,
      44,
      15
    ]
  }
},
{
  "model": "tesys_tagboard.post",
  "pk": 22,
  "fields": {
    "title": "",
    "uploader": 1,
    "post_date": "2025-11-15T03:44:44.374Z",
    "rating_level": 1,
    "tags": [
      71,
      72,
      58,
      44,
      70,
      69,
      73
    ]
  }
},
{
  "model": "tesys_tagboard.post",
  "pk": 23,
  "fields": {
    "title": "",
    "uploader": 1,
    "post_date": "2025-11-15T03:47:57.052Z",
    "rating_level": 1,
    "tags": [
      74,
      65,
      44,
      62,
      24,
      60,
      17,
      15,
      33
    ]
  }
},
{
  "model": "tesys_tagboard.post",
  "pk": 24,
  "fields": {
    "title": "",
    "uploader": 1,
    "post_date": "2025-11-15T03:51:15.750Z",
    "rating_level": 1,
    "tags": [
      77,
      44,
      75,
      78,
      17,
      15,
      76
    ]
  }
},
{
  "model": "tesys_tagboard.post",
  "pk": 25,
  "fields": {
    "title": "",
    "uploader": 1,
    "post_date": "2025-11-15T04:06:45.370Z",
    "rating_level": 1,
    "tags": [
      32,
      65,
      44,
      80,
      17,
      15
    ]
  }
},
{
  "model": "tesys_tagboard.post",
  "pk": 26,
  "fields": {
    "title": "",
    "uploader": 1,
    "post_date": "2025-11-15T04:09:23.487Z",
    "rating_level": 1,
    "tags": [
      5,
      65,
      79,
      44,
      15
    ]
  }
},
{
  "model": "tesys_tagboard.post",
  "pk": 27,
  "fields": {
    "title": "",
    "uploader": 1,
    "post_date": "2025-11-15T04:15:56.399Z",
    "rating_level": 1,
    "tags": [
      55,
      82,
      83,
      84,
      15
    ]
  }
},
{
  "model": "tesys_tagboard.post",
  "pk": 28,
  "fields": {
    "title": "",
    "uploader": 1,
    "post_date": "2025-11-15T04:18:30.912Z",
    "rating_level": 1,
    "tags": [
      55,
      88,
      4,
      87,
      86,
      39,
      15
    ]
  }
},
{
  "model": "tesys_tagboard.post",
  "pk": 29,
  "fields": {
    "title": "",
    "uploader": 1,
    "post_date": "2025-11-15T04:21:25.499Z",
    "rating_level": 1,
    "tags": [
      55,
      89,
      88,
      4,
      2,
      39,
      90,
      15
    ]
  }
},
{
  "model": "tesys_tagboard.post",
  "pk": 30,
  "fields": {
    "title": "",
    "uploader": 1,
    "post_date": "2025-11-15T04:28:38.743Z",
    "rating_level": 1,
    "tags": [
      55,
      91,
      84,
      81,
      17,
      15
    ]
  }
},
{
  "model": "tesys_tagboard.post",
  "pk": 31,
  "fields": {
    "title": "",
    "uploader": 1,
    "post_date": "2025-11-15T04:32:08.221Z",
    "rating_level": 1,
    "tags": [
      55,
      93,
      87,
      92,
      1,
      15,
      94,
      95,
      3
    ]
  }
},
{
  "model": "tesys_tagboard.post",
  "pk": 32,
  "fields": {
    "title": "",
    "uploader": 1,
    "post_date": "2025-11-15T04:50:00.586Z",
    "rating_level": 1,
    "tags": [
      63,
      59,
      20,
      34,
      97,
      62,
      96,
      15
    ]
  }
},
{
  "model": "tesys_tagboard.post",
  "pk": 33,
  "fields": {
    "title": "",
    "uploader": 1,
    "post_date": "2025-11-15T04:54:41.124Z",
    "rating_level": 1,
    "tags": [
      16,
      19,
      100,
      74,
      34,
      73,
      62,
      24,
      60,
      99,
      96,
      15,
      101
    ]
  }
},
{
  "model": "tesys_tagboard.post",
  "pk": 34,
  "fields": {
    "title": "",
    "uploader": 1,
    "post_date": "2025-11-15T04:57:40.239Z",
    "rating_level": 1,
    "tags": [
      103,
      19,
      32,
      102,
      104,
      22,
      62,
      15,
      101
    ]
  }
},
{
  "model": "tesys_tagboard.collection",
  "pk": 1,
  "fields": {
    "user": 1,
    "name": "Admin Collection #1",
    "desc": "A Test collection",
    "public": true,
    "posts": [
      9,
      24
    ]
  }
},
{
  "model": "tesys_tagboard.collection",
  "pk": 2,
  "fields": {
    "user": 1,
    "name": "Admin Collection #2",
    "desc": "A second test collection :P",
    "public": true,
    "posts": [
      20,
      28,
      32,
      33
    ]
  }
},
{
  "model": "tesys_tagboard.collection",
  "pk": 3,
  "fields": {
    "user": 4,
    "name": "User 1 Collection",
    "desc": "Test collection for user1",
    "public": true,
    "posts": [
      9,
      10,
      12
    ]
  }
},
{
  "model": "tesys_tagboard.comment",
  "pk": 1,
  "fields": {
    "post": 9,
    "user": 1,
    "text": "Lorem ipsum dolor sit amet, consetetur sadipscing elitr, sed diam nonumy eirmod tempor invidunt ut labore et dolore magna aliquyam erat, sed diam voluptua. At vero eos et accusam et justo duo dolores et ea rebum. Stet clita kasd gubergren, no sea takimata sanctus est Lorem ipsum dolor sit amet. Lorem ipsum dolor sit amet, consetetur sadipscing elitr, sed diam nonumy eirmod tempor invidunt ut labore et dolore magna aliquyam erat, sed diam voluptua. At vero eos et accusam et justo duo dolores et ea rebum. Stet clita kasd gubergren, no sea takimata sanctus est Lorem ipsum dolor sit amet.",
    "post_date": "2025-12-02T15:10:52.030Z",
    "edit_date": "2025-12-02T15:10:52.030Z"
  }
},
{
  "model": "tesys_tagboard.comment",
  "pk": 2,
  "fields": {
    "post": 9,
    "user": 1,
    "text": "Lorem ipsum dolor sit amet, consetetur sadipscing elitr, sed diam nonumy eirmod tempor invidunt ut labore et dolore magna aliquyam",
    "post_date": "2025-12-02T15:11:03.319Z",
    "edit_date": "2025-12-02T15:11:03.319Z"
  }
},
{
  "model": "tesys_tagboard.comment",
  "pk": 3,
  "fields": {
    "post": 9,
    "user": 1,
    "text": "Lorem ipsum dolor sit amet, consetetur sadipscing elitr, sed diam nonumy eirmod tempor invidunt ut labore et dolore magna aliquyam erat, sed diam voluptua. At vero eos et accusam et",
    "post_date": "2025-12-02T15:11:17.183Z",
    "edit_date": "2025-12-02T15:11:17.183Z"
  }
},
{
  "model": "tesys_tagboard.comment",
  "pk": 4,
  "fields": {
    "post": 9,
    "user": 1,
    "text": "Lorem ipsum dolor sit amet consectetur adipiscing elit. Sit amet consectetur adipiscing elit quisque faucibus ex. Adipiscing elit quisque faucibus ex sapien vitae pellentesque.",
    "post_date": "2025-12-02T15:12:09.879Z",
    "edit_date": "2025-12-02T15:12:09.879Z"
  }
},
{
  "model": "tesys_tagboard.comment",
  "pk": 5,
  "fields": {
    "post": 9,
    "user": 1,
    "text": "Lorem ipsum dolor sit amet consectetur adipiscing elit. Amet consectetur adipiscing elit quisque faucibus ex sapien. Quisque faucibus ex sapien vitae pellentesque sem placerat. Vitae pellentesque sem placerat in id cursus mi.",
    "post_date": "2025-12-02T15:13:02.053Z",
    "edit_date": "2025-12-02T15:13:02.053Z"
  }
},
{
  "model": "tesys_tagboard.comment",
  "pk": 6,
  "fields": {
    "post": 9,
    "user": 1,
    "text": "Lorem ipsum dolor sit amet consectetur adipiscing elit.",
    "post_date": "2025-12-02T15:13:14.668Z",
    "edit_date": "2025-12-02T15:13:14.668Z"
  }
},
{
  "model": "tesys_tagboard.comment",
  "pk": 7,
  "fields": {
    "post": 9,
    "user": 1,
    "text": "Lorem ipsum dolor sit amet consectetur adipiscing elit.",
    "post_date": "2025-12-02T15:13:18.676Z",
    "edit_date": "2025-12-02T15:13:18.676Z"
  }
},
{
  "model": "tesys_tagboard.comment",
  "pk": 8,
  "fields": {
    "post": 9,
    "user": 1,
    "text": "Lorem ipsum dolor sit amet consectetur adipiscing elit.",
    "post_date": "2025-12-02T15:13:21.112Z",
    "edit_date": "2025-12-02T15:13:21.112Z"
  }
},
{
  "model": "tesys_tagboard.comment",
  "pk": 9,
  "fields": {
    "post": 9,
    "user": 1,
    "text": "Lorem ipsum dolor sit amet consectetur adipiscing elit.",
    "post_date": "2025-12-02T15:13:23.872Z",
    "edit_date": "2025-12-02T15:13:23.872Z"
  }
},
{
  "model": "tesys_tagboard.comment",
  "pk": 10,
  "fields": {
    "post": 9,
    "user": 1,
    "text": "Lorem ipsum dolor sit amet consectetur adipiscing elit.",
    "post_date": "2025-12-02T15:13:26.689Z",
    "edit_date": "2025-12-02T15:13:26.689Z"
  }
},
{
  "model": "tesys_tagboard.comment",
  "pk": 11,
  "fields": {
    "post": 9,
    "user": 1,
    "text": "Lorem ipsum dolor sit amet consectetur adipiscing elit.",
    "post_date": "2025-12-02T15:13:31.064Z",
    "edit_date": "2025-12-02T15:13:31.064Z"
  }
},
{
  "model": "tesys_tagboard.comment",
  "pk": 12,
  "fields": {
    "post": 9,
    "user": 1,
    "text": "Lorem ipsum dolor sit amet consectetur adipiscing elit",
    "post_date": "2025-12-02T15:13:34.577Z",
    "edit_date": "2025-12-02T15:13:34.577Z"
  }
},
{
  "model": "tesys_tagboard.comment",
  "pk": 13,
  "fields": {
    "post": 9,
    "user": 4,
    "text": "Justo patrioque signiferumque te ius, te vel paulo menandri corrumpit. Nec an meliore senserit disputationi, mel an explicari repudiandae.",
    "post_date": "2025-12-02T15:15:01.345Z",
    "edit_date": "2025-12-02T15:15:01.345Z"
  }
},
{
  "model": "tesys_tagboard.comment",
  "pk": 14,
  "fields": {
    "post": 9,
    "user": 4,
    "text": "Cu vis singulis tractatos cotidieque. Esse concludaturque eu vim, pro elit legendos patrioque in.",
    "post_date": "2025-12-02T15:15:14.521Z",
    "edit_date": "2025-12-02T15:15:14.521Z"
  }
},
{
  "model": "tesys_tagboard.comment",
  "pk": 15,
  "fields": {
    "post": 9,
    "user": 4,
    "text": "Vis ne dolorem maiorum. Vix mundi petentium no, utamur iudicabit contentiones cum et, cu ornatus feugait omnesque eum. Timeam signiferumque sea et, ullum clita commune pri id.",
    "post_date": "2025-12-02T15:15:22.052Z",
    "edit_date": "2025-12-02T15:15:22.052Z"
  }
},
{
  "model": "tesys_tagboard.comment",
  "pk": 16,
  "fields": {
    "post": 10,
    "user": 4,
    "text": "Modus choro scriptorem nec ad, scaevola iudicabit democritum has te, erat copiosae indoctum qui id. Impedit probatus ullamcorper vix no. Te alia aeque mea. Has ne blandit torquatos, id pro omnium civibus. Sed erant dicam melius ne, solet eleifend theophrastus qui id.",
    "post_date": "2025-12-02T15:15:46.098Z",
    "edit_date": "2025-12-02T15:15:46.098Z"
  }
},
{
  "model": "tesys_tagboard.comment",
  "pk": 17,
  "fields": {
    "post": 10,
    "user": 4,
    "text": "Quo eirmod scripta efficiantur no, no nonumy possit salutatus ius. Debet aeque id duo, est rebum simul perfecto cu, graecis similique sententiae vix ea.",
    "post_date": "2025-12-02T15:15:58.668Z",
    "edit_date": "2025-12-02T15:15:58.668Z"
  }
},
{
  "model": "tesys_tagboard.comment",
  "pk": 18,
  "fields": {
    "post": 10,
    "user": 4,
    "text": "Vis suas sint molestiae et, tale omnis intellegam ei his, nec in tempor tincidunt intellegat.",
    "post_date": "2025-12-02T15:16:07.353Z",
    "edit_date": "2025-12-02T15:16:07.353Z"
  }
},
{
  "model": "tesys_tagboard.comment",
  "pk": 19,
  "fields": {
    "post": 10,
    "user": 4,
    "text": "Te ius tacimates intellegat, fierent periculis sit cu.",
    "post_date": "2025-12-02T15:16:15.771Z",
    "edit_date": "2025-12-02T15:16:15.771Z"
  }
},
{
  "model": "tesys_tagboard.comment",
  "pk": 20,
  "fields": {
    "post": 10,
    "user": 5,
    "text": "Pri quem officiis assueverit ei.",
    "post_date": "2025-12-02T15:17:10.666Z",
    "edit_date": "2025-12-02T15:17:10.666Z"
  }
},
{
  "model": "tesys_tagboard.comment",
  "pk": 21,
  "fields": {
    "post": 10,
    "user": 5,
    "text": "Ius ex vocibus mandamus liberavisse, justo denique delicatissimi no nec. Qui te soluta detracto. Ne vim dolor solet, eu populo tacimates per.",
    "post_date": "2025-12-02T15:17:22.483Z",
    "edit_date": "2025-12-02T15:17:22.483Z"
  }
},
{
  "model": "tesys_tagboard.comment",
  "pk": 22,
  "fields": {
    "post": 10,
    "user": 5,
    "text": "Sed magna antiopam ex, pri doming urbanitas an. Te labore ocurreret vix, an qui purto erant.",
    "post_date": "2025-12-02T15:17:29.174Z",
    "edit_date": "2025-12-02T15:17:29.174Z"
  }
},
{
  "model": "tesys_tagboard.comment",
  "pk": 23,
  "fields": {
    "post": 10,
    "user": 5,
    "text": "An per delectus oporteat referrentur. Mea id paulo perpetua, ex qui putant legimus scaevola. Cum reque causae efficiendi ne, ut duo alterum expetendis, mea eu semper dolores.",
    "post_date": "2025-12-02T15:17:47.219Z",
    "edit_date": "2025-12-02T15:17:47.219Z"
  }
},
{
  "model": "tesys_tagboard.comment",
  "pk": 24,
  "fields": {
    "post": 9,
    "user": 5,
    "text": "An per delectus oporteat referrentur. Mea id paulo perpetua, ex qui putant legimus scaevola. Cum reque causae efficiendi ne, ut duo alterum expetendis, mea eu semper dolores.",
    "post_date": "2025-12-02T15:18:07.771Z",
    "edit_date": "2025-12-02T15:18:07.771Z"
  }
},
{
  "model": "tesys_tagboard.comment",
  "pk": 25,
  "fields": {
    "post": 9,
    "user": 5,
    "text": "In sale vidit lucilius eum, ex vix numquam molestie, erat prima mel in. Vix justo audiam alienum et. Ut legimus philosophia pro. Ad quo mucius verear, eu sit saperet officiis.",
    "post_date": "2025-12-02T15:18:14.342Z",
    "edit_date": "2025-12-02T15:18:14.342Z"
  }
},
{
  "model": "tesys_tagboard.comment",
  "pk": 26,
  "fields": {
    "post": 9,
    "user": 5,
    "text": "Nec ad porro deserunt, eum bonorum saperet an. An ius posidonium dissentiet, clita primis expetendis at eam, cu sint postea minimum mel. Feugiat disputationi te quo. Duo at commodo bonorum, graece invenire rationibus mel eu.",
    "post_date": "2025-12-02T15:18:28.576Z",
    "edit_date": "2025-12-02T15:18:28.576Z"
  }
},
{
  "model": "tesys_tagboard.comment",
  "pk": 27,
  "fields": {
    "post": 9,
    "user": 5,
    "text": "At sale augue efficiantur nec. Est populo verterem deserunt eu, id solum posse laoreet sed.",
    "post_date": "2025-12-02T15:18:39.946Z",
    "edit_date": "2025-12-02T15:18:39.946Z"
  }
},
{
  "model": "tesys_tagboard.comment",
  "pk": 28,
  "fields": {
    "post": 9,
    "user": 5,
    "text": "Malis accusata ius ex, no est nostrum periculis principes.",
    "post_date": "2025-12-02T15:18:48.947Z",
    "edit_date": "2025-12-02T15:18:48.947Z"
  }
},
{
  "model": "tesys_tagboard.comment",
  "pk": 29,
  "fields": {
    "post": 9,
    "user": 1,
    "text": "Tacimates contentiones his in, fabellas efficiantur no eam. Usu in modus tempor incorrupte, sea case lorem ne. Dico singulis assueverit sit id, melius delenit has ne. Ludus melius ad qui, viris quodsi definitiones nec et.",
    "post_date": "2025-12-02T15:19:54.670Z",
    "edit_date": "2025-12-02T15:19:54.670Z"
  }
},
{
  "model": "tesys_tagboard.comment",
  "pk": 30,
  "fields": {
    "post": 9,
    "user": 1,
    "text": "Sale omittantur vix ne, soluta scaevola referrentur has te.",
    "post_date": "2025-12-02T15:20:00.889Z",
    "edit_date": "2025-12-02T15:20:00.890Z"
  }
},
{
  "model": "tesys_tagboard.comment",
  "pk": 31,
  "fields": {
    "post": 9,
    "user": 1,
    "text": "Tantas possim delicata sed ne, pri choro inermis legendos cu.",
    "post_date": "2025-12-02T15:20:10.486Z",
    "edit_date": "2025-12-02T15:20:10.486Z"
  }
},
{
  "model": "tesys_tagboard.comment",
  "pk": 32,
  "fields": {
    "post": 9,
    "user": 1,
    "text": "An mundi postulant pri, sea falli saepe latine et, tacimates reprimique nec in.",
    "post_date": "2025-12-02T15:20:23.084Z",
    "edit_date": "2025-12-02T15:20:23.084Z"
  }
},
{
  "model": "tesys_tagboard.comment",
  "pk": 33,
  "fields": {
    "post": 9,
    "user": 1,
    "text": "At eos splendide cotidieque referrentur, ut vix lucilius interpretaris, etiam labitur delectus te sit.",
    "post_date": "2025-12-02T15:20:32.153Z",
    "edit_date": "2025-12-02T15:20:32.153Z"
  }
},
{
  "model": "tesys_tagboard.favorite",
  "pk": 3,
  "fields": {
    "post": 25,
    "user": 1
  }
},
{
  "model": "tesys_tagboard.favorite",
  "pk": 4,
  "fields": {
    "post": 26,
    "user": 1
  }
},
{
  "model": "tesys_tagboard.favorite",
  "pk": 6,
  "fields": {
    "post": 14,
    "user": 1
  }
},
{
  "model": "tesys_tagboard.favorite",
  "pk": 14,
  "fields": {
    "post": 10,
    "user": 1
  }
},
{
  "model": "tesys_tagboard.favorite",
  "pk": 15,
  "fields": {
    "post": 30,
    "user": 1
  }
},
{
  "model": "tesys_tagboard.favorite",
  "pk": 17,
  "fields": {
    "post": 22,
    "user": 4
  }
},
{
  "model": "tesys_tagboard.favorite",
  "pk": 18,
  "fields": {
    "post": 10,
    "user": 4
  }
},
{
  "model": "tesys_tagboard.favorite",
  "pk": 19,
  "fields": {
    "post": 14,
    "user": 5
  }
},
{
  "model": "tesys_tagboard.favorite",
  "pk": 20,
  "fields": {
    "post": 17,
    "user": 5
  }
},
{
  "model": "tesys_tagboard.favorite",
  "pk": 21,
  "fields": {
    "post": 34,
    "user": 5
  }
},
{
  "model": "tesys_tagboard.favorite",
  "pk": 22,
  "fields": {
    "post": 9,
    "user": 5
  }
},
{
  "model": "tesys_tagboard.favorite",
  "pk": 23,
  "fields": {
    "post": 9,
    "user": 1
  }
},
{
  "model": "users.user",
  "pk": 1,
  "fields": {
    "password": "argon2$argon2id$v=19$m=102400,t=2,p=8$aXd1OHI0dFloYkpXRHhBbktNdk8wUw$9E/WSrhvenhy0qaD/nT2RTQjnzMNszjvxiANDeoQ4s8",
    "last_login": "2025-12-02T15:19:13.482Z",
    "is_superuser": true,
    "username": "admin",
    "email": "tesy-tagboard@example.com",
    "is_staff": true,
    "is_active": true,
    "date_joined": "2025-11-14T19:38:38.835Z",
    "name": "",
    "groups": [],
    "user_permissions": []
  }
},
{
  "model": "users.user",
  "pk": 4,
  "fields": {
    "password": "argon2$argon2id$v=19$m=102400,t=2,p=8$ZVZMbmpPSFliRzNwM0JaR1BFM1lNOQ$4y/ERi8mwi75JxJAjXktUbCSfUtMulfI/+jgDrre2lE",
    "last_login": "2025-12-02T15:14:13.589Z",
    "is_superuser": false,
    "username": "user1",
    "email": "user1@example.com",
    "is_staff": false,
    "is_active": true,
    "date_joined": "2025-11-23T21:01:38.838Z",
    "name": "",
    "groups": [],
    "user_permissions": []
  }
},
{
  "model": "users.user",
  "pk": 5,
  "fields": {
    "password": "argon2$argon2id$v=19$m=102400,t=2,p=8$WkxhcjlEUFRoY05ESXRyZU1pbkpPVQ$uMeWSSxBHhB67LPMYlg6bC9FMr8DAwERonjXHOMXHSQ",
    "last_login": "2025-12-02T15:16:32.916Z",
    "is_superuser": false,
    "username": "user2",
    "email": "",
    "is_staff": false,
    "is_active": true,
    "date_joined": "2025-11-24T01:35:37.184Z",
    "name": "",
    "groups": [],
    "user_permissions": []
  }
},
{
  "model": "users.user",
  "pk": 6,
  "fields": {
    "password": "argon2$argon2id$v=19$m=102400,t=2,p=8$dDdzVDJrRGN2RTVCM1FsamZWbmNOeQ$VpY75V8ovIFdw7+IxmkJ/dlfbLfoni2Z6nsT9CpbOTU",
    "last_login": "2025-11-25T14:32:17.771Z",
    "is_superuser": false,
    "username": "mod1",
    "email": "mod1@example.com",
    "is_staff": true,
    "is_active": true,
    "date_joined": "2025-11-25T14:18:59Z",
    "name": "",
    "groups": [
      1
    ],
    "user_permissions": []
  }
}
]
