[
{
  "model": "contenttypes.contenttype",
  "pk": 1,
  "fields": {
    "app_label": "auth",
    "model": "group"
  }
},
{
  "model": "contenttypes.contenttype",
  "pk": 2,
  "fields": {
    "app_label": "auth",
    "model": "permission"
  }
},
{
  "model": "contenttypes.contenttype",
  "pk": 3,
  "fields": {
    "app_label": "contenttypes",
    "model": "contenttype"
  }
},
{
  "model": "contenttypes.contenttype",
  "pk": 4,
  "fields": {
    "app_label": "sessions",
    "model": "session"
  }
},
{
  "model": "contenttypes.contenttype",
  "pk": 5,
  "fields": {
    "app_label": "sites",
    "model": "site"
  }
},
{
  "model": "contenttypes.contenttype",
  "pk": 6,
  "fields": {
    "app_label": "admin",
    "model": "logentry"
  }
},
{
  "model": "contenttypes.contenttype",
  "pk": 7,
  "fields": {
    "app_label": "account",
    "model": "emailaddress"
  }
},
{
  "model": "contenttypes.contenttype",
  "pk": 8,
  "fields": {
    "app_label": "account",
    "model": "emailconfirmation"
  }
},
{
  "model": "contenttypes.contenttype",
  "pk": 9,
  "fields": {
    "app_label": "mfa",
    "model": "authenticator"
  }
},
{
  "model": "contenttypes.contenttype",
  "pk": 10,
  "fields": {
    "app_label": "socialaccount",
    "model": "socialaccount"
  }
},
{
  "model": "contenttypes.contenttype",
  "pk": 11,
  "fields": {
    "app_label": "socialaccount",
    "model": "socialapp"
  }
},
{
  "model": "contenttypes.contenttype",
  "pk": 12,
  "fields": {
    "app_label": "socialaccount",
    "model": "socialtoken"
  }
},
{
  "model": "contenttypes.contenttype",
  "pk": 13,
  "fields": {
    "app_label": "authtoken",
    "model": "token"
  }
},
{
  "model": "contenttypes.contenttype",
  "pk": 14,
  "fields": {
    "app_label": "authtoken",
    "model": "tokenproxy"
  }
},
{
  "model": "contenttypes.contenttype",
  "pk": 15,
  "fields": {
    "app_label": "tesys_tagboard",
    "model": "artist"
  }
},
{
  "model": "contenttypes.contenttype",
  "pk": 16,
  "fields": {
    "app_label": "tesys_tagboard",
    "model": "audio"
  }
},
{
  "model": "contenttypes.contenttype",
  "pk": 17,
  "fields": {
    "app_label": "tesys_tagboard",
    "model": "collection"
  }
},
{
  "model": "contenttypes.contenttype",
  "pk": 18,
  "fields": {
    "app_label": "tesys_tagboard",
    "model": "comment"
  }
},
{
  "model": "contenttypes.contenttype",
  "pk": 19,
  "fields": {
    "app_label": "tesys_tagboard",
    "model": "favorite"
  }
},
{
  "model": "contenttypes.contenttype",
  "pk": 20,
  "fields": {
    "app_label": "tesys_tagboard",
    "model": "image"
  }
},
{
  "model": "contenttypes.contenttype",
  "pk": 21,
  "fields": {
    "app_label": "tesys_tagboard",
    "model": "media"
  }
},
{
  "model": "contenttypes.contenttype",
  "pk": 22,
  "fields": {
    "app_label": "tesys_tagboard",
    "model": "post"
  }
},
{
  "model": "contenttypes.contenttype",
  "pk": 23,
  "fields": {
    "app_label": "tesys_tagboard",
    "model": "posttaghistory"
  }
},
{
  "model": "contenttypes.contenttype",
  "pk": 24,
  "fields": {
    "app_label": "tesys_tagboard",
    "model": "tag"
  }
},
{
  "model": "contenttypes.contenttype",
  "pk": 25,
  "fields": {
    "app_label": "tesys_tagboard",
    "model": "tagalias"
  }
},
{
  "model": "contenttypes.contenttype",
  "pk": 26,
  "fields": {
    "app_label": "tesys_tagboard",
    "model": "video"
  }
},
{
  "model": "contenttypes.contenttype",
  "pk": 27,
  "fields": {
    "app_label": "users",
    "model": "user"
  }
},
{
  "model": "contenttypes.contenttype",
  "pk": 28,
  "fields": {
    "app_label": "debug_toolbar",
    "model": "historyentry"
  }
},
{
  "model": "sites.site",
  "pk": 1,
  "fields": {
    "domain": "example.com",
    "name": "Tesy's Tagboard"
  }
},
{
  "model": "account.emailaddress",
  "pk": 1,
  "fields": {
    "user": 1,
    "email": "tesy-tagboard@example.com",
    "verified": false,
    "primary": false
  }
},
{
  "model": "account.emailaddress",
  "pk": 4,
  "fields": {
    "user": 4,
    "email": "user1@example.com",
    "verified": false,
    "primary": true
  }
},
{
  "model": "tesys_tagboard.tag",
  "pk": 1,
  "fields": {
    "name": "red",
    "category": "BA",
    "description": "",
    "post_count": 4,
    "rating_level": 0
  }
},
{
  "model": "tesys_tagboard.tag",
  "pk": 2,
  "fields": {
    "name": "orange",
    "category": "BA",
    "description": "",
    "post_count": 3,
    "rating_level": 0
  }
},
{
  "model": "tesys_tagboard.tag",
  "pk": 3,
  "fields": {
    "name": "yellow",
    "category": "BA",
    "description": "",
    "post_count": 3,
    "rating_level": 0
  }
},
{
  "model": "tesys_tagboard.tag",
  "pk": 4,
  "fields": {
    "name": "green",
    "category": "BA",
    "description": "",
    "post_count": 5,
    "rating_level": 0
  }
},
{
  "model": "tesys_tagboard.tag",
  "pk": 5,
  "fields": {
    "name": "blue",
    "category": "BA",
    "description": "",
    "post_count": 6,
    "rating_level": 0
  }
},
{
  "model": "tesys_tagboard.tag",
  "pk": 6,
  "fields": {
    "name": "indigo",
    "category": "BA",
    "description": "",
    "post_count": 0,
    "rating_level": 0
  }
},
{
  "model": "tesys_tagboard.tag",
  "pk": 7,
  "fields": {
    "name": "violet",
    "category": "BA",
    "description": "",
    "post_count": 0,
    "rating_level": 0
  }
},
{
  "model": "tesys_tagboard.tag",
  "pk": 10,
  "fields": {
    "name": "public_domain",
    "category": "CO",
    "description": "",
    "post_count": 1,
    "rating_level": 0
  }
},
{
  "model": "tesys_tagboard.tag",
  "pk": 11,
  "fields": {
    "name": "CC_BY",
    "category": "CO",
    "description": "Creative Commons\r\nSee: https://creativecommons.org/share-your-work/cclicenses/",
    "post_count": 0,
    "rating_level": 0
  }
},
{
  "model": "tesys_tagboard.tag",
  "pk": 12,
  "fields": {
    "name": "CC_BY_SA",
    "category": "CO",
    "description": "Creative Commons\r\nSee: https://creativecommons.org/share-your-work/cclicenses/",
    "post_count": 0,
    "rating_level": 0
  }
},
{
  "model": "tesys_tagboard.tag",
  "pk": 13,
  "fields": {
    "name": "CC_BY_NC",
    "category": "CO",
    "description": "Creative Commons\r\nSee: https://creativecommons.org/share-your-work/cclicenses/",
    "post_count": 0,
    "rating_level": 0
  }
},
{
  "model": "tesys_tagboard.tag",
  "pk": 14,
  "fields": {
    "name": "pixabay",
    "category": "CO",
    "description": "Pixabay license\r\nSee: https://pixabay.com/service/license-summary/",
    "post_count": 0,
    "rating_level": 0
  }
},
{
  "model": "tesys_tagboard.tag",
  "pk": 15,
  "fields": {
    "name": "unsplash",
    "category": "CO",
    "description": "Unsplash license\r\nSee: https://unsplash.com/license",
    "post_count": 32,
    "rating_level": 0
  }
},
{
  "model": "tesys_tagboard.tag",
  "pk": 16,
  "fields": {
    "name": "bicycle",
    "category": "BA",
    "description": "",
    "post_count": 4,
    "rating_level": 0
  }
},
{
  "model": "tesys_tagboard.tag",
  "pk": 17,
  "fields": {
    "name": "trees",
    "category": "BA",
    "description": "",
    "post_count": 6,
    "rating_level": 0
  }
},
{
  "model": "tesys_tagboard.tag",
  "pk": 18,
  "fields": {
    "name": "road",
    "category": "BA",
    "description": "",
    "post_count": 2,
    "rating_level": 0
  }
},
{
  "model": "tesys_tagboard.tag",
  "pk": 19,
  "fields": {
    "name": "bricks",
    "category": "BA",
    "description": "",
    "post_count": 4,
    "rating_level": 0
  }
},
{
  "model": "tesys_tagboard.tag",
  "pk": 20,
  "fields": {
    "name": "fog",
    "category": "BA",
    "description": "",
    "post_count": 1,
    "rating_level": 0
  }
},
{
  "model": "tesys_tagboard.tag",
  "pk": 21,
  "fields": {
    "name": "Netherlands",
    "category": "BA",
    "description": "",
    "post_count": 1,
    "rating_level": 0
  }
},
{
  "model": "tesys_tagboard.tag",
  "pk": 22,
  "fields": {
    "name": "Fer_Troulik",
    "category": "AR",
    "description": "https://unsplash.com/@fertroulik",
    "post_count": 4,
    "rating_level": 0
  }
},
{
  "model": "tesys_tagboard.tag",
  "pk": 23,
  "fields": {
    "name": "bike_garage",
    "category": "BA",
    "description": "",
    "post_count": 0,
    "rating_level": 0
  }
},
{
  "model": "tesys_tagboard.tag",
  "pk": 24,
  "fields": {
    "name": "sign",
    "category": "BA",
    "description": "",
    "post_count": 7,
    "rating_level": 0
  }
},
{
  "model": "tesys_tagboard.tag",
  "pk": 25,
  "fields": {
    "name": "grayscale",
    "category": "BA",
    "description": "",
    "post_count": 3,
    "rating_level": 0
  }
},
{
  "model": "tesys_tagboard.tag",
  "pk": 26,
  "fields": {
    "name": "train",
    "category": "BA",
    "description": "",
    "post_count": 1,
    "rating_level": 0
  }
},
{
  "model": "tesys_tagboard.tag",
  "pk": 27,
  "fields": {
    "name": "underground",
    "category": "BA",
    "description": "",
    "post_count": 1,
    "rating_level": 0
  }
},
{
  "model": "tesys_tagboard.tag",
  "pk": 28,
  "fields": {
    "name": "subway",
    "category": "BA",
    "description": "",
    "post_count": 1,
    "rating_level": 0
  }
},
{
  "model": "tesys_tagboard.tag",
  "pk": 29,
  "fields": {
    "name": "transportation",
    "category": "BA",
    "description": "",
    "post_count": 1,
    "rating_level": 0
  }
},
{
  "model": "tesys_tagboard.tag",
  "pk": 30,
  "fields": {
    "name": "staircase",
    "category": "BA",
    "description": "",
    "post_count": 1,
    "rating_level": 0
  }
},
{
  "model": "tesys_tagboard.tag",
  "pk": 31,
  "fields": {
    "name": "stairs",
    "category": "BA",
    "description": "",
    "post_count": 2,
    "rating_level": 0
  }
},
{
  "model": "tesys_tagboard.tag",
  "pk": 32,
  "fields": {
    "name": "building",
    "category": "BA",
    "description": "",
    "post_count": 6,
    "rating_level": 0
  }
},
{
  "model": "tesys_tagboard.tag",
  "pk": 33,
  "fields": {
    "name": "urban",
    "category": "BA",
    "description": "",
    "post_count": 2,
    "rating_level": 0
  }
},
{
  "model": "tesys_tagboard.tag",
  "pk": 34,
  "fields": {
    "name": "Marc_Kleen",
    "category": "AR",
    "description": "See https://unsplash.com/@marckleen",
    "post_count": 6,
    "rating_level": 0
  }
},
{
  "model": "tesys_tagboard.tag",
  "pk": 35,
  "fields": {
    "name": "Rikki_Chan",
    "category": "AR",
    "description": "See https://unsplash.com/@rikkichan89",
    "post_count": 1,
    "rating_level": 0
  }
},
{
  "model": "tesys_tagboard.tag",
  "pk": 36,
  "fields": {
    "name": "train_station",
    "category": "BA",
    "description": "",
    "post_count": 1,
    "rating_level": 0
  }
},
{
  "model": "tesys_tagboard.tag",
  "pk": 37,
  "fields": {
    "name": "clock",
    "category": "BA",
    "description": "",
    "post_count": 1,
    "rating_level": 0
  }
},
{
  "model": "tesys_tagboard.tag",
  "pk": 38,
  "fields": {
    "name": "bench",
    "category": "BA",
    "description": "",
    "post_count": 1,
    "rating_level": 0
  }
},
{
  "model": "tesys_tagboard.tag",
  "pk": 39,
  "fields": {
    "name": "shadows",
    "category": "BA",
    "description": "",
    "post_count": 6,
    "rating_level": 0
  }
},
{
  "model": "tesys_tagboard.tag",
  "pk": 40,
  "fields": {
    "name": "Kyiv",
    "category": "BA",
    "description": "Kyiv, Україна",
    "post_count": 1,
    "rating_level": 0
  }
},
{
  "model": "tesys_tagboard.tag",
  "pk": 41,
  "fields": {
    "name": "books",
    "category": "BA",
    "description": "",
    "post_count": 1,
    "rating_level": 0
  }
},
{
  "model": "tesys_tagboard.tag",
  "pk": 42,
  "fields": {
    "name": "book_shop",
    "category": "BA",
    "description": "",
    "post_count": 0,
    "rating_level": 0
  }
},
{
  "model": "tesys_tagboard.tag",
  "pk": 43,
  "fields": {
    "name": "library",
    "category": "BA",
    "description": "",
    "post_count": 1,
    "rating_level": 0
  }
},
{
  "model": "tesys_tagboard.tag",
  "pk": 44,
  "fields": {
    "name": "Olena_Bohovyk",
    "category": "AR",
    "description": "See https://unsplash.com/@olenkasergienko",
    "post_count": 9,
    "rating_level": 0
  }
},
{
  "model": "tesys_tagboard.tag",
  "pk": 45,
  "fields": {
    "name": "black_pants",
    "category": "BA",
    "description": "",
    "post_count": 2,
    "rating_level": 0
  }
},
{
  "model": "tesys_tagboard.tag",
  "pk": 46,
  "fields": {
    "name": "wristwatch",
    "category": "BA",
    "description": "",
    "post_count": 1,
    "rating_level": 0
  }
},
{
  "model": "tesys_tagboard.tag",
  "pk": 47,
  "fields": {
    "name": "ring",
    "category": "BA",
    "description": "",
    "post_count": 1,
    "rating_level": 0
  }
},
{
  "model": "tesys_tagboard.tag",
  "pk": 48,
  "fields": {
    "name": "book",
    "category": "BA",
    "description": "",
    "post_count": 2,
    "rating_level": 0
  }
},
{
  "model": "tesys_tagboard.tag",
  "pk": 49,
  "fields": {
    "name": "tattoo",
    "category": "BA",
    "description": "",
    "post_count": 1,
    "rating_level": 0
  }
},
{
  "model": "tesys_tagboard.tag",
  "pk": 50,
  "fields": {
    "name": "handstand",
    "category": "BA",
    "description": "",
    "post_count": 1,
    "rating_level": 0
  }
},
{
  "model": "tesys_tagboard.tag",
  "pk": 51,
  "fields": {
    "name": "beach",
    "category": "BA",
    "description": "",
    "post_count": 1,
    "rating_level": 0
  }
},
{
  "model": "tesys_tagboard.tag",
  "pk": 52,
  "fields": {
    "name": "sunset",
    "category": "BA",
    "description": "",
    "post_count": 1,
    "rating_level": 0
  }
},
{
  "model": "tesys_tagboard.tag",
  "pk": 53,
  "fields": {
    "name": "sand",
    "category": "BA",
    "description": "",
    "post_count": 1,
    "rating_level": 0
  }
},
{
  "model": "tesys_tagboard.tag",
  "pk": 54,
  "fields": {
    "name": "footprints",
    "category": "BA",
    "description": "",
    "post_count": 1,
    "rating_level": 0
  }
},
{
  "model": "tesys_tagboard.tag",
  "pk": 55,
  "fields": {
    "name": "Annie_Spratt",
    "category": "AR",
    "description": "",
    "post_count": 6,
    "rating_level": 0
  }
},
{
  "model": "tesys_tagboard.tag",
  "pk": 56,
  "fields": {
    "name": "lord_of_the_rings",
    "category": "BA",
    "description": "",
    "post_count": 1,
    "rating_level": 0
  }
},
{
  "model": "tesys_tagboard.tag",
  "pk": 57,
  "fields": {
    "name": "white_pants",
    "category": "BA",
    "description": "",
    "post_count": 1,
    "rating_level": 0
  }
},
{
  "model": "tesys_tagboard.tag",
  "pk": 58,
  "fields": {
    "name": "neon_lights",
    "category": "BA",
    "description": "",
    "post_count": 2,
    "rating_level": 0
  }
},
{
  "model": "tesys_tagboard.tag",
  "pk": 59,
  "fields": {
    "name": "bridge",
    "category": "BA",
    "description": "",
    "post_count": 2,
    "rating_level": 0
  }
},
{
  "model": "tesys_tagboard.tag",
  "pk": 60,
  "fields": {
    "name": "street",
    "category": "BA",
    "description": "",
    "post_count": 5,
    "rating_level": 0
  }
},
{
  "model": "tesys_tagboard.tag",
  "pk": 61,
  "fields": {
    "name": "crosswalk",
    "category": "BA",
    "description": "",
    "post_count": 1,
    "rating_level": 0
  }
},
{
  "model": "tesys_tagboard.tag",
  "pk": 62,
  "fields": {
    "name": "sidewalk",
    "category": "BA",
    "description": "",
    "post_count": 6,
    "rating_level": 0
  }
},
{
  "model": "tesys_tagboard.tag",
  "pk": 63,
  "fields": {
    "name": "bollards",
    "category": "BA",
    "description": "",
    "post_count": 2,
    "rating_level": 0
  }
},
{
  "model": "tesys_tagboard.tag",
  "pk": 64,
  "fields": {
    "name": "baguettes",
    "category": "BA",
    "description": "",
    "post_count": 1,
    "rating_level": 0
  }
},
{
  "model": "tesys_tagboard.tag",
  "pk": 65,
  "fields": {
    "name": "fence",
    "category": "BA",
    "description": "",
    "post_count": 4,
    "rating_level": 0
  }
},
{
  "model": "tesys_tagboard.tag",
  "pk": 66,
  "fields": {
    "name": "hat",
    "category": "BA",
    "description": "",
    "post_count": 1,
    "rating_level": 0
  }
},
{
  "model": "tesys_tagboard.tag",
  "pk": 67,
  "fields": {
    "name": "newspaper",
    "category": "BA",
    "description": "",
    "post_count": 1,
    "rating_level": 0
  }
},
{
  "model": "tesys_tagboard.tag",
  "pk": 68,
  "fields": {
    "name": "brown_hair",
    "category": "BA",
    "description": "",
    "post_count": 1,
    "rating_level": 0
  }
},
{
  "model": "tesys_tagboard.tag",
  "pk": 69,
  "fields": {
    "name": "pub",
    "category": "BA",
    "description": "",
    "post_count": 1,
    "rating_level": 0
  }
},
{
  "model": "tesys_tagboard.tag",
  "pk": 70,
  "fields": {
    "name": "Poland",
    "category": "BA",
    "description": "",
    "post_count": 1,
    "rating_level": 0
  }
},
{
  "model": "tesys_tagboard.tag",
  "pk": 71,
  "fields": {
    "name": "cafe",
    "category": "BA",
    "description": "",
    "post_count": 1,
    "rating_level": 0
  }
},
{
  "model": "tesys_tagboard.tag",
  "pk": 72,
  "fields": {
    "name": "chairs",
    "category": "BA",
    "description": "",
    "post_count": 2,
    "rating_level": 0
  }
},
{
  "model": "tesys_tagboard.tag",
  "pk": 73,
  "fields": {
    "name": "rain",
    "category": "BA",
    "description": "",
    "post_count": 2,
    "rating_level": 0
  }
},
{
  "model": "tesys_tagboard.tag",
  "pk": 74,
  "fields": {
    "name": "cars",
    "category": "BA",
    "description": "",
    "post_count": 2,
    "rating_level": 0
  }
},
{
  "model": "tesys_tagboard.tag",
  "pk": 75,
  "fields": {
    "name": "snow",
    "category": "BA",
    "description": "",
    "post_count": 1,
    "rating_level": 0
  }
},
{
  "model": "tesys_tagboard.tag",
  "pk": 76,
  "fields": {
    "name": "water",
    "category": "BA",
    "description": "",
    "post_count": 1,
    "rating_level": 0
  }
},
{
  "model": "tesys_tagboard.tag",
  "pk": 77,
  "fields": {
    "name": "car",
    "category": "BA",
    "description": "",
    "post_count": 1,
    "rating_level": 0
  }
},
{
  "model": "tesys_tagboard.tag",
  "pk": 78,
  "fields": {
    "name": "tracks",
    "category": "BA",
    "description": "",
    "post_count": 1,
    "rating_level": 0
  }
},
{
  "model": "tesys_tagboard.tag",
  "pk": 79,
  "fields": {
    "name": "headphones",
    "category": "BA",
    "description": "",
    "post_count": 1,
    "rating_level": 0
  }
},
{
  "model": "tesys_tagboard.tag",
  "pk": 80,
  "fields": {
    "name": "sunlight",
    "category": "BA",
    "description": "",
    "post_count": 1,
    "rating_level": 0
  }
},
{
  "model": "tesys_tagboard.tag",
  "pk": 81,
  "fields": {
    "name": "sky",
    "category": "BA",
    "description": "",
    "post_count": 2,
    "rating_level": 0
  }
},
{
  "model": "tesys_tagboard.tag",
  "pk": 82,
  "fields": {
    "name": "illustration",
    "category": "BA",
    "description": "",
    "post_count": 1,
    "rating_level": 0
  }
},
{
  "model": "tesys_tagboard.tag",
  "pk": 83,
  "fields": {
    "name": "mountain",
    "category": "BA",
    "description": "",
    "post_count": 1,
    "rating_level": 0
  }
},
{
  "model": "tesys_tagboard.tag",
  "pk": 84,
  "fields": {
    "name": "sketch",
    "category": "BA",
    "description": "",
    "post_count": 2,
    "rating_level": 0
  }
},
{
  "model": "tesys_tagboard.tag",
  "pk": 85,
  "fields": {
    "name": "flower",
    "category": "BA",
    "description": "",
    "post_count": 0,
    "rating_level": 0
  }
},
{
  "model": "tesys_tagboard.tag",
  "pk": 86,
  "fields": {
    "name": "pear",
    "category": "BA",
    "description": "",
    "post_count": 1,
    "rating_level": 0
  }
},
{
  "model": "tesys_tagboard.tag",
  "pk": 87,
  "fields": {
    "name": "green_background",
    "category": "BA",
    "description": "",
    "post_count": 2,
    "rating_level": 0
  }
},
{
  "model": "tesys_tagboard.tag",
  "pk": 88,
  "fields": {
    "name": "fruit",
    "category": "BA",
    "description": "",
    "post_count": 2,
    "rating_level": 0
  }
},
{
  "model": "tesys_tagboard.tag",
  "pk": 89,
  "fields": {
    "name": "black_background",
    "category": "BA",
    "description": "",
    "post_count": 1,
    "rating_level": 0
  }
},
{
  "model": "tesys_tagboard.tag",
  "pk": 90,
  "fields": {
    "name": "smile",
    "category": "BA",
    "description": "",
    "post_count": 1,
    "rating_level": 0
  }
},
{
  "model": "tesys_tagboard.tag",
  "pk": 91,
  "fields": {
    "name": "mountains",
    "category": "BA",
    "description": "",
    "post_count": 1,
    "rating_level": 0
  }
},
{
  "model": "tesys_tagboard.tag",
  "pk": 92,
  "fields": {
    "name": "mushrooms",
    "category": "BA",
    "description": "",
    "post_count": 1,
    "rating_level": 0
  }
},
{
  "model": "tesys_tagboard.tag",
  "pk": 93,
  "fields": {
    "name": "fungi",
    "category": "BA",
    "description": "",
    "post_count": 1,
    "rating_level": 0
  }
},
{
  "model": "tesys_tagboard.tag",
  "pk": 94,
  "fields": {
    "name": "white",
    "category": "BA",
    "description": "",
    "post_count": 1,
    "rating_level": 0
  }
},
{
  "model": "tesys_tagboard.tag",
  "pk": 95,
  "fields": {
    "name": "window",
    "category": "BA",
    "description": "",
    "post_count": 4,
    "rating_level": 0
  }
},
{
  "model": "tesys_tagboard.tag",
  "pk": 96,
  "fields": {
    "name": "tram_tracks",
    "category": "BA",
    "description": "",
    "post_count": 2,
    "rating_level": 0
  }
},
{
  "model": "tesys_tagboard.tag",
  "pk": 97,
  "fields": {
    "name": "railing",
    "category": "BA",
    "description": "",
    "post_count": 1,
    "rating_level": 0
  }
},
{
  "model": "tesys_tagboard.tag",
  "pk": 98,
  "fields": {
    "name": "bus",
    "category": "BA",
    "description": "",
    "post_count": 1,
    "rating_level": 0
  }
},
{
  "model": "tesys_tagboard.tag",
  "pk": 99,
  "fields": {
    "name": "tram",
    "category": "BA",
    "description": "",
    "post_count": 1,
    "rating_level": 0
  }
},
{
  "model": "tesys_tagboard.tag",
  "pk": 100,
  "fields": {
    "name": "buildings",
    "category": "BA",
    "description": "",
    "post_count": 1,
    "rating_level": 0
  }
},
{
  "model": "tesys_tagboard.tag",
  "pk": 101,
  "fields": {
    "name": "windows",
    "category": "BA",
    "description": "",
    "post_count": 3,
    "rating_level": 0
  }
},
{
  "model": "tesys_tagboard.tag",
  "pk": 102,
  "fields": {
    "name": "dog",
    "category": "BA",
    "description": "",
    "post_count": 1,
    "rating_level": 0
  }
},
{
  "model": "tesys_tagboard.tag",
  "pk": 103,
  "fields": {
    "name": "blue_hat",
    "category": "BA",
    "description": "",
    "post_count": 1,
    "rating_level": 0
  }
},
{
  "model": "tesys_tagboard.tag",
  "pk": 104,
  "fields": {
    "name": "doors",
    "category": "BA",
    "description": "",
    "post_count": 1,
    "rating_level": 0
  }
},
{
  "model": "tesys_tagboard.tag",
  "pk": 105,
  "fields": {
    "name": "traffic_lights",
    "category": "BA",
    "description": "",
    "post_count": 0,
    "rating_level": 0
  }
},
{
  "model": "tesys_tagboard.tag",
  "pk": 106,
  "fields": {
    "name": "cats",
    "category": "BA",
    "description": "",
    "post_count": 3,
    "rating_level": 0
  }
},
{
  "model": "tesys_tagboard.tag",
  "pk": 107,
  "fields": {
    "name": "high-rise",
    "category": "BA",
    "description": "",
    "post_count": 3,
    "rating_level": 0
  }
},
{
  "model": "tesys_tagboard.tag",
  "pk": 108,
  "fields": {
    "name": "blanket",
    "category": "BA",
    "description": "",
    "post_count": 2,
    "rating_level": 0
  }
},
{
  "model": "tesys_tagboard.tag",
  "pk": 109,
  "fields": {
    "name": "Quan Jing",
    "category": "AR",
    "description": "",
    "post_count": 11,
    "rating_level": 0
  }
},
{
  "model": "tesys_tagboard.tag",
  "pk": 110,
  "fields": {
    "name": "man",
    "category": "BA",
    "description": "",
    "post_count": 4,
    "rating_level": 0
  }
},
{
  "model": "tesys_tagboard.tag",
  "pk": 111,
  "fields": {
    "name": "woman",
    "category": "BA",
    "description": "",
    "post_count": 3,
    "rating_level": 0
  }
},
{
  "model": "tesys_tagboard.tag",
  "pk": 112,
  "fields": {
    "name": "yellow shirt",
    "category": "BA",
    "description": "",
    "post_count": 0,
    "rating_level": 0
  }
},
{
  "model": "tesys_tagboard.tag",
  "pk": 113,
  "fields": {
    "name": "China",
    "category": "BA",
    "description": "",
    "post_count": 2,
    "rating_level": 0
  }
},
{
  "model": "tesys_tagboard.tag",
  "pk": 114,
  "fields": {
    "name": "outdoors",
    "category": "BA",
    "description": "",
    "post_count": 1,
    "rating_level": 0
  }
},
{
  "model": "tesys_tagboard.tag",
  "pk": 115,
  "fields": {
    "name": "jacket",
    "category": "BA",
    "description": "",
    "post_count": 1,
    "rating_level": 0
  }
},
{
  "model": "tesys_tagboard.tag",
  "pk": 116,
  "fields": {
    "name": "girl",
    "category": "BA",
    "description": "",
    "post_count": 1,
    "rating_level": 0
  }
},
{
  "model": "tesys_tagboard.tag",
  "pk": 117,
  "fields": {
    "name": "boy",
    "category": "BA",
    "description": "",
    "post_count": 0,
    "rating_level": 0
  }
},
{
  "model": "tesys_tagboard.tag",
  "pk": 118,
  "fields": {
    "name": "lake",
    "category": "BA",
    "description": "",
    "post_count": 1,
    "rating_level": 0
  }
},
{
  "model": "tesys_tagboard.tag",
  "pk": 119,
  "fields": {
    "name": "Great Wall of China",
    "category": "BA",
    "description": "",
    "post_count": 1,
    "rating_level": 0
  }
},
{
  "model": "tesys_tagboard.tag",
  "pk": 120,
  "fields": {
    "name": "film photo",
    "category": "BA",
    "description": "",
    "post_count": 3,
    "rating_level": 0
  }
},
{
  "model": "tesys_tagboard.tag",
  "pk": 121,
  "fields": {
    "name": "fishing",
    "category": "BA",
    "description": "",
    "post_count": 1,
    "rating_level": 0
  }
},
{
  "model": "tesys_tagboard.tag",
  "pk": 122,
  "fields": {
    "name": "cat",
    "category": "BA",
    "description": "",
    "post_count": 2,
    "rating_level": 0
  }
},
{
  "model": "tesys_tagboard.tag",
  "pk": 123,
  "fields": {
    "name": "cooking",
    "category": "BA",
    "description": "",
    "post_count": 1,
    "rating_level": 0
  }
},
{
  "model": "tesys_tagboard.tag",
  "pk": 124,
  "fields": {
    "name": "plant",
    "category": "BA",
    "description": "",
    "post_count": 0,
    "rating_level": 0
  }
},
{
  "model": "tesys_tagboard.tag",
  "pk": 125,
  "fields": {
    "name": "lamp",
    "category": "BA",
    "description": "",
    "post_count": 1,
    "rating_level": 0
  }
},
{
  "model": "tesys_tagboard.tag",
  "pk": 126,
  "fields": {
    "name": "Hong Kong",
    "category": "BA",
    "description": "",
    "post_count": 1,
    "rating_level": 0
  }
},
{
  "model": "tesys_tagboard.tagalias",
  "pk": 1,
  "fields": {
    "name": "bike",
    "tag": 16
  }
},
{
  "model": "tesys_tagboard.tagalias",
  "pk": 2,
  "fields": {
    "name": "greyscale",
    "tag": 25
  }
},
{
  "model": "tesys_tagboard.media",
  "pk": 9,
  "fields": {
    "orig_name": "fer-troulik-jC_ewVSpYeo-unsplash.jpg",
    "type": "JPEG",
    "upload_date": "2025-11-15T02:21:49.469Z",
    "edit_date": "2025-11-15T02:21:49.469Z",
    "src_url": ""
  }
},
{
  "model": "tesys_tagboard.media",
  "pk": 10,
  "fields": {
    "orig_name": "fer-troulik-DWv_jcGE3hE-unsplash.jpg",
    "type": "JPEG",
    "upload_date": "2025-11-15T02:30:04.831Z",
    "edit_date": "2025-11-15T02:30:04.831Z",
    "src_url": ""
  }
},
{
  "model": "tesys_tagboard.media",
  "pk": 11,
  "fields": {
    "orig_name": "marc-kleen-Hg5-RwwjHu0-unsplash.jpg",
    "type": "JPEG",
    "upload_date": "2025-11-15T02:36:06.023Z",
    "edit_date": "2025-11-15T02:36:06.023Z",
    "src_url": "https://unsplash.com/photos/close-up-photography-of-bicycles-Hg5-RwwjHu0"
  }
},
{
  "model": "tesys_tagboard.media",
  "pk": 12,
  "fields": {
    "orig_name": "rikki-chan-_k31aFqnmTM-unsplash.jpg",
    "type": "JPEG",
    "upload_date": "2025-11-15T02:37:17.618Z",
    "edit_date": "2025-11-15T02:37:17.618Z",
    "src_url": ""
  }
},
{
  "model": "tesys_tagboard.media",
  "pk": 13,
  "fields": {
    "orig_name": "fer-troulik-MHeP5iknIgw-unsplash.jpg",
    "type": "JPEG",
    "upload_date": "2025-11-15T02:43:44.088Z",
    "edit_date": "2025-11-15T02:43:44.088Z",
    "src_url": "https://unsplash.com/photos/red-structural-railway-station-MHeP5iknIgw"
  }
},
{
  "model": "tesys_tagboard.media",
  "pk": 14,
  "fields": {
    "orig_name": "olena-bohovyk-Ft_Wn-K5YH8-unsplash.jpg",
    "type": "JPEG",
    "upload_date": "2025-11-15T03:00:36.965Z",
    "edit_date": "2025-11-15T03:00:36.966Z",
    "src_url": "https://unsplash.com/photos/books-on-brown-wooden-shelf-Ft_Wn-K5YH8"
  }
},
{
  "model": "tesys_tagboard.media",
  "pk": 15,
  "fields": {
    "orig_name": "olena-bohovyk-GJ5QXI_vB4o-unsplash.jpg",
    "type": "JPEG",
    "upload_date": "2025-11-15T03:08:42.869Z",
    "edit_date": "2025-11-15T03:08:42.869Z",
    "src_url": "https://unsplash.com/photos/a-person-sitting-in-a-chair-holding-a-book-GJ5QXI_vB4o"
  }
},
{
  "model": "tesys_tagboard.media",
  "pk": 16,
  "fields": {
    "orig_name": "marc-kleen-Jo025H0ILaM-unsplash.jpg",
    "type": "JPEG",
    "upload_date": "2025-11-15T03:17:11.053Z",
    "edit_date": "2025-11-15T03:17:11.053Z",
    "src_url": "https://unsplash.com/photos/person-near-body-of-water-during-golden-hour-Jo025H0ILaM"
  }
},
{
  "model": "tesys_tagboard.media",
  "pk": 17,
  "fields": {
    "orig_name": "annie-spratt-Xa57CFEv5ko-unsplash.jpg",
    "type": "JPEG",
    "upload_date": "2025-11-15T03:22:17.640Z",
    "edit_date": "2025-11-15T03:22:17.640Z",
    "src_url": "https://unsplash.com/photos/photography-of-person-holding-book-Xa57CFEv5ko"
  }
},
{
  "model": "tesys_tagboard.media",
  "pk": 18,
  "fields": {
    "orig_name": "olena-bohovyk-2ObffVltX6g-unsplash.jpg",
    "type": "JPEG",
    "upload_date": "2025-11-15T03:25:15.321Z",
    "edit_date": "2025-11-15T03:25:15.321Z",
    "src_url": "https://unsplash.com/photos/a-woman-sitting-on-a-bench-in-front-of-a-neon-sign-2ObffVltX6g"
  }
},
{
  "model": "tesys_tagboard.media",
  "pk": 19,
  "fields": {
    "orig_name": "marc-kleen-l6FrGXV78vk-unsplash.jpg",
    "type": "JPEG",
    "upload_date": "2025-11-15T03:30:07.098Z",
    "edit_date": "2025-11-15T03:30:07.098Z",
    "src_url": "https://unsplash.com/photos/a-bridge-crossing-over-a-body-of-water-l6FrGXV78vk"
  }
},
{
  "model": "tesys_tagboard.media",
  "pk": 20,
  "fields": {
    "orig_name": "marc-kleen-2hTlFjMzxR0-unsplash.jpg",
    "type": "JPEG",
    "upload_date": "2025-11-15T03:35:22.483Z",
    "edit_date": "2025-11-15T03:35:22.483Z",
    "src_url": "https://unsplash.com/photos/a-woman-walking-down-a-street-next-to-tall-buildings-2hTlFjMzxR0"
  }
},
{
  "model": "tesys_tagboard.media",
  "pk": 21,
  "fields": {
    "orig_name": "olena-bohovyk-pw7z1XCTcnQ-unsplash.jpg",
    "type": "JPEG",
    "upload_date": "2025-11-15T03:40:47.099Z",
    "edit_date": "2025-11-15T03:40:47.099Z",
    "src_url": "https://unsplash.com/photos/a-person-sitting-in-a-chair-pw7z1XCTcnQ"
  }
},
{
  "model": "tesys_tagboard.media",
  "pk": 22,
  "fields": {
    "orig_name": "olena-bohovyk-JSN8MiNKlbk-unsplash.jpg",
    "type": "JPEG",
    "upload_date": "2025-11-15T03:44:44.358Z",
    "edit_date": "2025-11-15T03:44:44.358Z",
    "src_url": "https://unsplash.com/photos/a-restaurant-with-tables-and-chairs-outside-JSN8MiNKlbk"
  }
},
{
  "model": "tesys_tagboard.media",
  "pk": 23,
  "fields": {
    "orig_name": "olena-bohovyk-Oqbw4rjBnXY-unsplash.jpg",
    "type": "JPEG",
    "upload_date": "2025-11-15T03:47:57.034Z",
    "edit_date": "2025-11-15T03:47:57.034Z",
    "src_url": "https://unsplash.com/photos/a-sidewalk-lined-with-parked-cars-next-to-a-tree-Oqbw4rjBnXY"
  }
},
{
  "model": "tesys_tagboard.media",
  "pk": 24,
  "fields": {
    "orig_name": "olena-bohovyk-Ukjz6WWWrjM-unsplash.jpg",
    "type": "JPEG",
    "upload_date": "2025-11-15T03:51:15.728Z",
    "edit_date": "2025-11-15T03:51:15.728Z",
    "src_url": "https://unsplash.com/photos/an-aerial-view-of-a-car-parked-in-the-snow-Ukjz6WWWrjM"
  }
},
{
  "model": "tesys_tagboard.media",
  "pk": 25,
  "fields": {
    "orig_name": "olena-bohovyk-idl3p8OXv3g-unsplash.jpg",
    "type": "JPEG",
    "upload_date": "2025-11-15T04:06:45.355Z",
    "edit_date": "2025-11-15T04:06:45.355Z",
    "src_url": "https://unsplash.com/photos/a-blue-bird-on-a-wire-fence-idl3p8OXv3g"
  }
},
{
  "model": "tesys_tagboard.media",
  "pk": 26,
  "fields": {
    "orig_name": "olena-bohovyk-C-uj0objXlY-unsplash.jpg",
    "type": "JPEG",
    "upload_date": "2025-11-15T04:09:23.471Z",
    "edit_date": "2025-11-15T04:09:23.471Z",
    "src_url": "https://unsplash.com/photos/C-uj0objXlY"
  }
},
{
  "model": "tesys_tagboard.media",
  "pk": 27,
  "fields": {
    "orig_name": "annie-spratt-XFw8bh4v0Jg-unsplash.png",
    "type": "PNG",
    "upload_date": "2025-11-15T04:15:56.063Z",
    "edit_date": "2025-11-15T04:15:56.064Z",
    "src_url": "https://unsplash.com/illustrations/a-detailed-pen-sketch-of-a-mountain-range-XFw8bh4v0Jg"
  }
},
{
  "model": "tesys_tagboard.media",
  "pk": 28,
  "fields": {
    "orig_name": "annie-spratt-9MXmMSdR9zg-unsplash.png",
    "type": "PNG",
    "upload_date": "2025-11-15T04:18:30.384Z",
    "edit_date": "2025-11-15T04:18:30.384Z",
    "src_url": "https://unsplash.com/illustrations/a-halved-green-pear-on-a-light-green-background-9MXmMSdR9zg"
  }
},
{
  "model": "tesys_tagboard.media",
  "pk": 29,
  "fields": {
    "orig_name": "annie-spratt-CsbFknQyHHY-unsplash.png",
    "type": "PNG",
    "upload_date": "2025-11-15T04:21:25.059Z",
    "edit_date": "2025-11-15T04:21:25.059Z",
    "src_url": "https://unsplash.com/illustrations/a-happy-orange-with-a-leaf-on-black-background-CsbFknQyHHY"
  }
},
{
  "model": "tesys_tagboard.media",
  "pk": 30,
  "fields": {
    "orig_name": "annie-spratt-tXJUmFeF1e0-unsplash.png",
    "type": "PNG",
    "upload_date": "2025-11-15T04:28:38.299Z",
    "edit_date": "2025-11-15T04:28:38.299Z",
    "src_url": "https://unsplash.com/illustrations/heres-a-caption-mountains-are-illustrated-in-this-black-and-white-art-tXJUmFeF1e0"
  }
},
{
  "model": "tesys_tagboard.media",
  "pk": 31,
  "fields": {
    "orig_name": "annie-spratt-rynRTSE3ai8-unsplash.png",
    "type": "PNG",
    "upload_date": "2025-11-15T04:32:08.017Z",
    "edit_date": "2025-11-15T04:32:08.017Z",
    "src_url": "https://unsplash.com/illustrations/red-mushrooms-with-white-spots-on-a-green-background-rynRTSE3ai8"
  }
},
{
  "model": "tesys_tagboard.media",
  "pk": 32,
  "fields": {
    "orig_name": "marc-kleen-w7n9zElD4lc-unsplash.jpg",
    "type": "JPEG",
    "upload_date": "2025-11-15T04:50:00.470Z",
    "edit_date": "2025-11-15T04:50:00.470Z",
    "src_url": "https://unsplash.com/photos/a-person-walking-across-a-bridge-on-a-foggy-day-w7n9zElD4lc"
  }
},
{
  "model": "tesys_tagboard.media",
  "pk": 33,
  "fields": {
    "orig_name": "marc-kleen-UAhnKj-2Aj0-unsplash.jpg",
    "type": "JPEG",
    "upload_date": "2025-11-15T04:54:41.011Z",
    "edit_date": "2025-11-15T04:54:41.011Z",
    "src_url": "https://unsplash.com/photos/a-city-street-filled-with-lots-of-traffic-next-to-tall-buildings-UAhnKj-2Aj0"
  }
},
{
  "model": "tesys_tagboard.media",
  "pk": 34,
  "fields": {
    "orig_name": "fer-troulik-dz8ROJjlp3s-unsplash.jpg",
    "type": "JPEG",
    "upload_date": "2025-11-15T04:57:40.180Z",
    "edit_date": "2025-11-15T04:57:40.180Z",
    "src_url": "https://unsplash.com/de/fotos/zwei-menschen-gehen-vor-einem-backsteingebaude-dz8ROJjlp3s"
  }
},
{
  "model": "tesys_tagboard.media",
  "pk": 35,
  "fields": {
    "orig_name": "fox-9926543_640.png",
    "type": "PNG",
    "upload_date": "2025-11-20T16:17:38.303Z",
    "edit_date": "2025-11-20T16:17:38.304Z",
    "src_url": ""
  }
},
{
  "model": "tesys_tagboard.media",
  "pk": 36,
  "fields": {
    "orig_name": "quan-jing-gQxQX7L9ZiU-unsplash.jpg",
    "type": "JPEG",
    "upload_date": "2025-12-10T16:06:22.853Z",
    "edit_date": "2025-12-10T16:06:22.853Z",
    "src_url": "https://unsplash.com/photos/two-cats-resting-on-a-blanket-by-the-window-gQxQX7L9ZiU"
  }
},
{
  "model": "tesys_tagboard.media",
  "pk": 37,
  "fields": {
    "orig_name": "quan-jing-pyUtsCe8BKg-unsplash.jpg",
    "type": "JPEG",
    "upload_date": "2025-12-10T16:16:31.075Z",
    "edit_date": "2025-12-10T16:16:31.076Z",
    "src_url": "https://unsplash.com/photos/a-couple-poses-with-their-two-cats-pyUtsCe8BKg"
  }
},
{
  "model": "tesys_tagboard.media",
  "pk": 38,
  "fields": {
    "orig_name": "photo-1717764572197-68d724d08173.avif",
    "type": "AVIF",
    "upload_date": "2025-12-10T16:23:20.871Z",
    "edit_date": "2025-12-10T16:23:20.871Z",
    "src_url": "https://unsplash.com/photos/a-woman-standing-in-front-of-a-body-of-water-utvhPXdJHN4"
  }
},
{
  "model": "tesys_tagboard.media",
  "pk": 39,
  "fields": {
    "orig_name": "quan-jing-OvW4jTHh5cY-unsplash.jpg",
    "type": "JPEG",
    "upload_date": "2025-12-10T16:30:10.465Z",
    "edit_date": "2025-12-10T16:30:10.466Z",
    "src_url": "https://unsplash.com/photos/OvW4jTHh5cY"
  }
},
{
  "model": "tesys_tagboard.media",
  "pk": 40,
  "fields": {
    "orig_name": "photo-1712408175698-95ff4bc916b7.avif",
    "type": "AVIF",
    "upload_date": "2025-12-10T16:32:01.732Z",
    "edit_date": "2025-12-10T16:32:01.732Z",
    "src_url": "https://unsplash.com/photos/two-people-sitting-on-a-bench-near-a-body-of-water-T-1IKS1xHiQ"
  }
},
{
  "model": "tesys_tagboard.media",
  "pk": 41,
  "fields": {
    "orig_name": "photo-1763259106633-9e43247a1dae.avif",
    "type": "AVIF",
    "upload_date": "2025-12-10T16:33:49.818Z",
    "edit_date": "2025-12-10T16:33:49.818Z",
    "src_url": "https://unsplash.com/photos/two-cats-resting-on-a-blanket-near-a-window-iOSEAuSDv-o"
  }
},
{
  "model": "tesys_tagboard.media",
  "pk": 42,
  "fields": {
    "orig_name": "photo-1757764406203-72583fcc589f.avif",
    "type": "AVIF",
    "upload_date": "2025-12-10T16:35:37.209Z",
    "edit_date": "2025-12-10T16:35:37.209Z",
    "src_url": "https://unsplash.com/photos/a-striped-cat-sits-on-a-scratching-post-Pufwnsd5wt4"
  }
},
{
  "model": "tesys_tagboard.media",
  "pk": 43,
  "fields": {
    "orig_name": "photo-1755742185654-da9810c73431.avif",
    "type": "AVIF",
    "upload_date": "2025-12-10T16:37:02.078Z",
    "edit_date": "2025-12-10T16:37:02.078Z",
    "src_url": "https://unsplash.com/photos/person-cooking-pancakes-on-a-griddle-T5it9_fcYAI"
  }
},
{
  "model": "tesys_tagboard.media",
  "pk": 44,
  "fields": {
    "orig_name": "photo-1743930286557-752ac39135d3.avif",
    "type": "AVIF",
    "upload_date": "2025-12-10T16:41:52.283Z",
    "edit_date": "2025-12-10T16:41:52.283Z",
    "src_url": "https://unsplash.com/photos/a-busy-street-scene-in-an-asian-city-32nQ_DhI2KE"
  }
},
{
  "model": "tesys_tagboard.media",
  "pk": 45,
  "fields": {
    "orig_name": "photo-1743930285940-4ffe9e29007c.avif",
    "type": "AVIF",
    "upload_date": "2025-12-10T18:05:03.450Z",
    "edit_date": "2025-12-10T18:05:03.450Z",
    "src_url": "https://unsplash.com/photos/a-cat-relaxes-inside-a-shop-with-film-TylCyNEUW1o"
  }
},
{
  "model": "tesys_tagboard.media",
  "pk": 46,
  "fields": {
    "orig_name": "photo-1743930286525-e48a7bce0d70.avif",
    "type": "AVIF",
    "upload_date": "2025-12-10T18:11:51.938Z",
    "edit_date": "2025-12-10T18:11:51.938Z",
    "src_url": "https://unsplash.com/photos/crowd-walks-in-front-of-an-asian-pharmacy-G7aa1YC7Zzw"
  }
},
{
  "model": "tesys_tagboard.image",
  "pk": 9,
  "fields": {
    "file": "uploads/2025/11/15/967fcee7-4102-4050-8226-b0edfacf95b3",
    "width": 267,
    "height": 400,
    "thumbnail": "thumbnails/2025/12/10/49fa799c-bad2-49a2-ad6f-1dafce85ad0d",
    "thumbnail_width": 267,
    "thumbnail_height": 400,
    "md5": "486d5f396be6f14fb4a1ab7e08d88dc4",
    "phash": "b92d0bb55be0b189",
    "dhash": "1b181a9a181c9219"
  }
},
{
  "model": "tesys_tagboard.image",
  "pk": 10,
  "fields": {
    "file": "uploads/2025/11/15/a406fb7c-6e6a-4bea-b76e-b13b1a096e45",
    "width": 400,
    "height": 267,
    "thumbnail": "thumbnails/2025/12/10/36a47958-cc54-44e6-8107-f8c5a6ca440b",
    "thumbnail_width": 400,
    "thumbnail_height": 267,
    "md5": "b6d373f0ff5d6c19d86ca3b22dc400bb",
    "phash": "c9aed753916fa404",
    "dhash": "6163e6e3bbf071f8"
  }
},
{
  "model": "tesys_tagboard.image",
  "pk": 11,
  "fields": {
    "file": "uploads/2025/11/15/714fb569-033a-4f37-8d82-5cb545097c8f",
    "width": 267,
    "height": 400,
    "thumbnail": "thumbnails/2025/12/10/0d998c8c-4d07-4933-98f7-586e2f97e57a",
    "thumbnail_width": 267,
    "thumbnail_height": 400,
    "md5": "d2897b0c203b85a66bb4a1dd2e5086d4",
    "phash": "82cf67c03239d9b6",
    "dhash": "ca633b9dddd0afaa"
  }
},
{
  "model": "tesys_tagboard.image",
  "pk": 12,
  "fields": {
    "file": "uploads/2025/11/15/688f8fbf-0c4e-4e40-9154-d93bae752c26",
    "width": 400,
    "height": 267,
    "thumbnail": "thumbnails/2025/12/10/400ffb22-3158-4105-af4f-86e7997c6583",
    "thumbnail_width": 400,
    "thumbnail_height": 267,
    "md5": "fa63224589cb100da3513e5afea91d8e",
    "phash": "95917d9c61955ce4",
    "dhash": "fcf8fafafef4fcf8"
  }
},
{
  "model": "tesys_tagboard.image",
  "pk": 13,
  "fields": {
    "file": "uploads/2025/11/15/a6613080-be61-4879-882d-1ea96e7450ef",
    "width": 400,
    "height": 225,
    "thumbnail": "thumbnails/2025/12/10/70da2cac-f072-46f6-8dea-a2da2fd29173",
    "thumbnail_width": 400,
    "thumbnail_height": 225,
    "md5": "10b8d2fcabd02ffa7e198ea7224f1505",
    "phash": "c1345ac56e2533f9",
    "dhash": "b8a89ae6e3d2b2f9"
  }
},
{
  "model": "tesys_tagboard.image",
  "pk": 14,
  "fields": {
    "file": "uploads/2025/11/15/d338ddc8-94f1-498b-9292-7817841233c8",
    "width": 267,
    "height": 400,
    "thumbnail": "thumbnails/2025/12/10/6b92767b-423a-4254-89b9-54fbd4c80a9d",
    "thumbnail_width": 267,
    "thumbnail_height": 400,
    "md5": "1c7d739824dfa27a394d8152c45b6ecb",
    "phash": "b5c3438743f2a8ab",
    "dhash": "c8cc9f9cde9e0e9e"
  }
},
{
  "model": "tesys_tagboard.image",
  "pk": 15,
  "fields": {
    "file": "uploads/2025/11/15/562516b1-e9e0-4dd4-94af-53b033f3f026",
    "width": 267,
    "height": 400,
    "thumbnail": "thumbnails/2025/12/10/47f8e05b-9f0a-49b9-b628-84527ae753ee",
    "thumbnail_width": 267,
    "thumbnail_height": 400,
    "md5": "ebab9d71029fbbe42aaef1df3b719e90",
    "phash": "8db3d6c313582de4",
    "dhash": "f8ae373bf3d3f1a4"
  }
},
{
  "model": "tesys_tagboard.image",
  "pk": 16,
  "fields": {
    "file": "uploads/2025/11/15/21bc8823-955d-4746-9cb4-6c9058af6bb5",
    "width": 267,
    "height": 400,
    "thumbnail": "thumbnails/2025/12/10/46a9b0fe-1229-4cc0-8273-08b2c2e844e3",
    "thumbnail_width": 267,
    "thumbnail_height": 400,
    "md5": "40f19974399eaca21c7804cbe8bba3cd",
    "phash": "e6c619595924ce5b",
    "dhash": "f0c8ecccc8cc9696"
  }
},
{
  "model": "tesys_tagboard.image",
  "pk": 17,
  "fields": {
    "file": "uploads/2025/11/15/69029f75-b889-4c79-96c8-773ea126dfad",
    "width": 275,
    "height": 400,
    "thumbnail": "thumbnails/2025/12/10/248e955b-a5b4-46b5-92ee-8a2b7e1d91fd",
    "thumbnail_width": 275,
    "thumbnail_height": 400,
    "md5": "dba033d28d5f2f8361618c762796581d",
    "phash": "8c3e3ce0c1677ec8",
    "dhash": "f6737df9d9e5f7f2"
  }
},
{
  "model": "tesys_tagboard.image",
  "pk": 18,
  "fields": {
    "file": "uploads/2025/11/15/b873483e-ae36-4853-9d38-899cbaf3410e",
    "width": 265,
    "height": 400,
    "thumbnail": "thumbnails/2025/12/10/656cfb6f-1dc9-4678-a4ad-073885660218",
    "thumbnail_width": 265,
    "thumbnail_height": 400,
    "md5": "69d70376a7880e482e5436ece964913c",
    "phash": "d4252d3766b199d2",
    "dhash": "6622b0806d78bc60"
  }
},
{
  "model": "tesys_tagboard.image",
  "pk": 19,
  "fields": {
    "file": "uploads/2025/11/15/07b3c624-5d82-4b0d-b171-dda3596320e5",
    "width": 267,
    "height": 400,
    "thumbnail": "thumbnails/2025/12/10/b1f6d38b-180e-41d2-a2f8-220815223e64",
    "thumbnail_width": 267,
    "thumbnail_height": 400,
    "md5": "b15f8c428a85c580acc824559e3c6a9e",
    "phash": "ba97c5c2ecb59103",
    "dhash": "b0e97c3f799987f2"
  }
},
{
  "model": "tesys_tagboard.image",
  "pk": 20,
  "fields": {
    "file": "uploads/2025/11/15/54b693e4-9f7a-4b7c-8a00-65557c13ed19",
    "width": 267,
    "height": 400,
    "thumbnail": "thumbnails/2025/12/10/ab4612ce-74c7-4c75-8ead-cc8dde362b61",
    "thumbnail_width": 267,
    "thumbnail_height": 400,
    "md5": "e156e3c1018e1cdb200e6085c4645212",
    "phash": "c6c679b99298ad85",
    "dhash": "60c0c4c4cce7f130"
  }
},
{
  "model": "tesys_tagboard.image",
  "pk": 21,
  "fields": {
    "file": "uploads/2025/11/15/d3528aa1-a759-4329-8603-198adaeeacd4",
    "width": 267,
    "height": 400,
    "thumbnail": "thumbnails/2025/12/10/d992b6cb-abb8-4f97-a1f0-b510e0d1d925",
    "thumbnail_width": 267,
    "thumbnail_height": 400,
    "md5": "28a0535ea6601e05215be953b900a06c",
    "phash": "dd0977401acc23fd",
    "dhash": "28125ab1b2cc1459"
  }
},
{
  "model": "tesys_tagboard.image",
  "pk": 22,
  "fields": {
    "file": "uploads/2025/11/15/9a81e73c-ef55-4bb1-b60e-77f6f5988443",
    "width": 267,
    "height": 400,
    "thumbnail": "thumbnails/2025/12/10/e0684a5d-eba2-4a6a-ac08-e5665239f2c9",
    "thumbnail_width": 267,
    "thumbnail_height": 400,
    "md5": "448b7cf106cfddcd93af3c650203af28",
    "phash": "8cec5a3133ce39d8",
    "dhash": "72a6a2e6bef6e0d8"
  }
},
{
  "model": "tesys_tagboard.image",
  "pk": 23,
  "fields": {
    "file": "uploads/2025/11/15/d6936af4-787c-4f09-bf6b-33e67578a106",
    "width": 267,
    "height": 400,
    "thumbnail": "thumbnails/2025/12/10/36e6ea2b-5422-4027-b829-2b7092d4ba2f",
    "thumbnail_width": 267,
    "thumbnail_height": 400,
    "md5": "6a7df741d54f92fadd0631c78c034f92",
    "phash": "9939329a9895b6b6",
    "dhash": "b8991e3279f8f878"
  }
},
{
  "model": "tesys_tagboard.image",
  "pk": 24,
  "fields": {
    "file": "uploads/2025/11/15/35cedf49-d9cc-4e44-9e9d-bdd43b7a4df0",
    "width": 225,
    "height": 400,
    "thumbnail": "thumbnails/2025/12/10/26513d16-952d-474d-a921-323b31a83129",
    "thumbnail_width": 225,
    "thumbnail_height": 400,
    "md5": "c5efb94af835bd426169948f7949d2a2",
    "phash": "c0a4645038f79fd7",
    "dhash": "94d5ec9eb0e08016"
  }
},
{
  "model": "tesys_tagboard.image",
  "pk": 25,
  "fields": {
    "file": "uploads/2025/11/15/6713c2ca-4fbb-4174-ae2d-e308e4dc276b",
    "width": 267,
    "height": 400,
    "thumbnail": "thumbnails/2025/12/10/70c8bf65-b2a9-43aa-8a6e-ff9963e4c4e8",
    "thumbnail_width": 267,
    "thumbnail_height": 400,
    "md5": "86467d00aae297e367c64a8ee3eb059b",
    "phash": "d2d2e068283f97d9",
    "dhash": "a9d83878706ccac2"
  }
},
{
  "model": "tesys_tagboard.image",
  "pk": 26,
  "fields": {
    "file": "uploads/2025/11/15/97fa8939-002b-431a-b87b-1aee0480e521",
    "width": 267,
    "height": 400,
    "thumbnail": "thumbnails/2025/12/10/dd2a271d-3b13-462c-9fae-04e7517c01ff",
    "thumbnail_width": 267,
    "thumbnail_height": 400,
    "md5": "8ad8c03861d623734be685a98c049d13",
    "phash": "e15e14fa8ea5d9a0",
    "dhash": "644e868f8f8b86c6"
  }
},
{
  "model": "tesys_tagboard.image",
  "pk": 27,
  "fields": {
    "file": "uploads/2025/11/15/dfe5b0af-6a90-43e2-8358-7106f2ac7eba",
    "width": 400,
    "height": 400,
    "thumbnail": "thumbnails/2025/12/10/b73ad588-d1f7-48e7-91ed-bf3713bc5437",
    "thumbnail_width": 400,
    "thumbnail_height": 400,
    "md5": "6e8c62ceca72db98a55e3452c3e7f69b",
    "phash": "bc60c39f3c60c29f",
    "dhash": "0032cc1673c42000"
  }
},
{
  "model": "tesys_tagboard.image",
  "pk": 28,
  "fields": {
    "file": "uploads/2025/11/15/6cb67560-df6e-47d5-8022-eac0859bcb00",
    "width": 400,
    "height": 400,
    "thumbnail": "thumbnails/2025/12/10/f58f544f-45fd-481e-ac01-98b44e9cd978",
    "thumbnail_width": 400,
    "thumbnail_height": 400,
    "md5": "3045ebedda879ce369f58f1286d39138",
    "phash": "cd9636cb98499b31",
    "dhash": "142512b2b26b9206"
  }
},
{
  "model": "tesys_tagboard.image",
  "pk": 29,
  "fields": {
    "file": "uploads/2025/11/15/115b3aac-f937-40f4-af3b-99ad7e686ce7",
    "width": 400,
    "height": 400,
    "thumbnail": "thumbnails/2025/12/10/dc834b57-f59e-4d3c-bf05-fccf5482ddb9",
    "thumbnail_width": 400,
    "thumbnail_height": 400,
    "md5": "0bb2fd6c1d3c1cea3097c3835a9b69d9",
    "phash": "9769789765ce2498",
    "dhash": "601871e0d4e46830"
  }
},
{
  "model": "tesys_tagboard.image",
  "pk": 30,
  "fields": {
    "file": "uploads/2025/11/15/7aa074bd-74e6-45c9-9202-04a17de882ff",
    "width": 400,
    "height": 400,
    "thumbnail": "thumbnails/2025/12/10/83f1bf9d-b9f9-46c8-9bb3-a03373dba3fa",
    "thumbnail_width": 400,
    "thumbnail_height": 400,
    "md5": "3cde8be00d816905acbbe026be2bf66a",
    "phash": "dfa05fa8c51ae00f",
    "dhash": "80808024d2236164"
  }
},
{
  "model": "tesys_tagboard.image",
  "pk": 31,
  "fields": {
    "file": "uploads/2025/11/15/a35863f4-49e8-4e00-aedf-e5e292fe40b1",
    "width": 400,
    "height": 225,
    "thumbnail": "thumbnails/2025/12/10/8a7b1a73-20c0-4060-8ea2-e88dbdef6ead",
    "thumbnail_width": 400,
    "thumbnail_height": 225,
    "md5": "fba0960a447c406b556b6736106a43f2",
    "phash": "c43333c869c637f2",
    "dhash": "32dcc464f4a4a5dd"
  }
},
{
  "model": "tesys_tagboard.image",
  "pk": 32,
  "fields": {
    "file": "uploads/2025/11/15/de087860-aa75-43d4-b440-bd2cad3b7b23",
    "width": 267,
    "height": 400,
    "thumbnail": "thumbnails/2025/12/10/bebb4316-42a2-4b47-823c-96e830f6bff4",
    "thumbnail_width": 267,
    "thumbnail_height": 400,
    "md5": "68b3b8443764fa275670f79b8aa521ac",
    "phash": "c9a55a68b6da2996",
    "dhash": "8ec2f26ac6933078"
  }
},
{
  "model": "tesys_tagboard.image",
  "pk": 33,
  "fields": {
    "file": "uploads/2025/11/15/c2faeb65-aa86-4f88-87e5-6d7bf06ab5a0",
    "width": 267,
    "height": 400,
    "thumbnail": "thumbnails/2025/12/10/252104e2-51b0-45f0-a696-95a6ccd9a9cf",
    "thumbnail_width": 267,
    "thumbnail_height": 400,
    "md5": "5afd04baf39ee99bf2350399cf8f57cd",
    "phash": "c1c9d0f21632b79e",
    "dhash": "d8f0f2e0e4ce942c"
  }
},
{
  "model": "tesys_tagboard.image",
  "pk": 34,
  "fields": {
    "file": "uploads/2025/11/15/fd0f535c-286e-4250-ac9f-95ab57659486",
    "width": 400,
    "height": 267,
    "thumbnail": "thumbnails/2025/12/10/b78beb47-5084-4024-9044-aa398c8967ca",
    "thumbnail_width": 400,
    "thumbnail_height": 267,
    "md5": "af0f471b9936d5c534385c456f815b56",
    "phash": "afd0d02df10f6991",
    "dhash": "84ac2a7717176192"
  }
},
{
  "model": "tesys_tagboard.image",
  "pk": 35,
  "fields": {
    "file": "uploads/2025/11/20/f6b19f77-747b-442a-8598-c2fbcc6bf849",
    "width": 267,
    "height": 400,
    "thumbnail": "thumbnails/2025/12/10/b2aedf5c-6282-419c-96b0-c95cb7ce200e",
    "thumbnail_width": 267,
    "thumbnail_height": 400,
    "md5": "fe3c5cd65608c97a200191b7de7360c4",
    "phash": "ead8b473c526d413",
    "dhash": "0511616559094575"
  }
},
{
  "model": "tesys_tagboard.image",
  "pk": 36,
  "fields": {
    "file": "uploads/2025/12/10/8be6bbca-87a1-4160-bbe7-328e5dc653a7",
    "width": 1920,
    "height": 1280,
    "thumbnail": "thumbnails/2025/12/10/6bac5924-6dea-4f4f-ac05-4cb3e5c51045",
    "thumbnail_width": 400,
    "thumbnail_height": 267,
    "md5": "e5434599eff20680471f421ba26f3aee",
    "phash": "b2169265775aa275",
    "dhash": "fcbcbc2d0eab58dc"
  }
},
{
  "model": "tesys_tagboard.image",
  "pk": 37,
  "fields": {
    "file": "uploads/2025/12/10/0daae8f6-8e03-44dc-9652-267cbfbe5f96",
    "width": 1920,
    "height": 1526,
    "thumbnail": "thumbnails/2025/12/10/9f446197-c313-44af-a737-6503cb867d0c",
    "thumbnail_width": 400,
    "thumbnail_height": 318,
    "md5": "48b2a94775842e885ae678af107664b8",
    "phash": "bbc2c66c9839c539",
    "dhash": "494d4d39115d5d4b"
  }
},
{
  "model": "tesys_tagboard.image",
  "pk": 38,
  "fields": {
    "file": "uploads/2025/12/10/21c97a65-2d66-475a-ae2e-9d99ae954fce",
    "width": 2075,
    "height": 1376,
    "thumbnail": "thumbnails/2025/12/10/4264d9de-5911-473e-b218-21d8df072e85",
    "thumbnail_width": 400,
    "thumbnail_height": 265,
    "md5": "53455ef2bf5f03e5e39b1f7d6d198e17",
    "phash": "82c95de633330cdd",
    "dhash": "f0f0f0c8cccccccc"
  }
},
{
  "model": "tesys_tagboard.image",
  "pk": 39,
  "fields": {
    "file": "uploads/2025/12/10/6cd5b81c-4ec1-4c89-b00d-bb4ac745de98",
    "width": 1920,
    "height": 1273,
    "thumbnail": "thumbnails/2025/12/10/f90df408-7752-4cea-9c02-4b3d931378f0",
    "thumbnail_width": 400,
    "thumbnail_height": 265,
    "md5": "e2eef2e4fcc9c3d21ed8ec3803196516",
    "phash": "c5807e4701ffc578",
    "dhash": "f8f8f0cbd6660618"
  }
},
{
  "model": "tesys_tagboard.image",
  "pk": 40,
  "fields": {
    "file": "uploads/2025/12/10/6dc62978-733a-4bef-a2c7-ddfc69983d3a",
    "width": 880,
    "height": 880,
    "thumbnail": "thumbnails/2025/12/10/67d36a7e-a07d-4068-9c55-4c229741ad32",
    "thumbnail_width": 400,
    "thumbnail_height": 400,
    "md5": "50b62ca9e3c0062b3f863d404811c346",
    "phash": "94d54b307b8e2cd3",
    "dhash": "eac2f2b69eb6a4e8"
  }
},
{
  "model": "tesys_tagboard.image",
  "pk": 41,
  "fields": {
    "file": "uploads/2025/12/10/d4cbf088-ab17-4b3d-bfb8-b25ce927badd",
    "width": 889,
    "height": 876,
    "thumbnail": "thumbnails/2025/12/10/273eb5ae-11b4-4b65-a322-a24676d16cb2",
    "thumbnail_width": 400,
    "thumbnail_height": 394,
    "md5": "cfbab5f10872d6d197b377ed8cb4459d",
    "phash": "99981c3cd9c367c3",
    "dhash": "99b1d9d1d32efbf0"
  }
},
{
  "model": "tesys_tagboard.image",
  "pk": 42,
  "fields": {
    "file": "uploads/2025/12/10/1d796e95-2a59-4ded-9a3a-f7e6acdd08a9",
    "width": 687,
    "height": 1030,
    "thumbnail": "thumbnails/2025/12/10/4f56af85-3766-4535-af4d-94531e2694e8",
    "thumbnail_width": 267,
    "thumbnail_height": 400,
    "md5": "5accfa7e08daaac326d002859fa10d6a",
    "phash": "c6b1474f18ed4713",
    "dhash": "e6d6de9cf86062e4"
  }
},
{
  "model": "tesys_tagboard.image",
  "pk": 43,
  "fields": {
    "file": "uploads/2025/12/10/f7ab15ef-4df3-4d34-afca-87b1870b3355",
    "width": 1538,
    "height": 952,
    "thumbnail": "thumbnails/2025/12/10/2c7bc06a-a240-4b81-bb7c-544bcb7d1765",
    "thumbnail_width": 400,
    "thumbnail_height": 248,
    "md5": "b55e51518d2c609b1d8f00771b5934e2",
    "phash": "de0cc9acec3330cb",
    "dhash": "7370786ce1e1f8e0"
  }
},
{
  "model": "tesys_tagboard.image",
  "pk": 44,
  "fields": {
    "file": "uploads/2025/12/10/a5d69860-1c9c-45e7-ad49-189e053b5117",
    "width": 2089,
    "height": 2058,
    "thumbnail": "thumbnails/2025/12/10/006447c9-cf50-46e3-bd74-1b59306c6dc2",
    "thumbnail_width": 400,
    "thumbnail_height": 394,
    "md5": "cdc6c6049733d1127089583ab71c1605",
    "phash": "c4e7e3216a665f44",
    "dhash": "c0c06061f3f2e696"
  }
},
{
  "model": "tesys_tagboard.image",
  "pk": 45,
  "fields": {
    "file": "uploads/2025/12/10/7f35219c-a118-4608-8a89-33fab30bee42",
    "width": 889,
    "height": 876,
    "thumbnail": "thumbnails/2025/12/10/63777313-e07f-4fff-9f75-621b17b347b9",
    "thumbnail_width": 400,
    "thumbnail_height": 394,
    "md5": "922050225d3295d69e61e17c3244e694",
    "phash": "a5aa7d19260e1d5b",
    "dhash": "e6c6b6ecce762e0e"
  }
},
{
  "model": "tesys_tagboard.image",
  "pk": 46,
  "fields": {
    "file": "uploads/2025/12/10/8c7ba6cf-81cc-433d-95a9-ab8e7237cf8a",
    "width": 2089,
    "height": 2058,
    "thumbnail": "thumbnails/2025/12/10/01a0ddfb-83a3-4158-bba3-ab6ab9d3f331",
    "thumbnail_width": 400,
    "thumbnail_height": 394,
    "md5": "8759396be35fcc80fe1f13787b8f3d9f",
    "phash": "c0832d6fe503f52b",
    "dhash": "f3f9dcdc2034ab26"
  }
},
{
  "model": "tesys_tagboard.post",
  "pk": 9,
  "fields": {
    "title": "",
    "uploader": 1,
    "post_date": "2025-11-15T02:21:49.601Z",
    "rating_level": 0,
    "locked_comments": false,
    "tags": [
      22,
      32,
      31,
      30,
      15
    ]
  }
},
{
  "model": "tesys_tagboard.post",
  "pk": 10,
  "fields": {
    "title": "",
    "uploader": 1,
    "post_date": "2025-11-15T02:30:04.914Z",
    "rating_level": 0,
    "locked_comments": false,
    "tags": [
      22,
      24,
      3,
      26,
      27,
      28,
      15
    ]
  }
},
{
  "model": "tesys_tagboard.post",
  "pk": 11,
  "fields": {
    "title": "",
    "uploader": 1,
    "post_date": "2025-11-15T02:36:06.041Z",
    "rating_level": 0,
    "locked_comments": false,
    "tags": [
      34,
      5,
      16,
      18,
      29,
      15
    ]
  }
},
{
  "model": "tesys_tagboard.post",
  "pk": 12,
  "fields": {
    "title": "",
    "uploader": 1,
    "post_date": "2025-11-15T02:37:17.670Z",
    "rating_level": 0,
    "locked_comments": false,
    "tags": [
      35,
      17,
      4,
      16,
      18,
      15
    ]
  }
},
{
  "model": "tesys_tagboard.post",
  "pk": 13,
  "fields": {
    "title": "",
    "uploader": 1,
    "post_date": "2025-11-15T02:43:44.149Z",
    "rating_level": 0,
    "locked_comments": false,
    "tags": [
      22,
      24,
      39,
      5,
      1,
      21,
      36,
      37,
      38
    ]
  }
},
{
  "model": "tesys_tagboard.post",
  "pk": 14,
  "fields": {
    "title": "",
    "uploader": 1,
    "post_date": "2025-11-15T03:00:36.983Z",
    "rating_level": 0,
    "locked_comments": false,
    "tags": [
      44,
      41,
      40,
      43
    ]
  }
},
{
  "model": "tesys_tagboard.post",
  "pk": 15,
  "fields": {
    "title": "",
    "uploader": 1,
    "post_date": "2025-11-15T03:08:42.885Z",
    "rating_level": 0,
    "locked_comments": false,
    "tags": [
      44,
      48,
      45,
      46,
      47,
      49,
      15
    ]
  }
},
{
  "model": "tesys_tagboard.post",
  "pk": 16,
  "fields": {
    "title": "",
    "uploader": 1,
    "post_date": "2025-11-15T03:17:11.074Z",
    "rating_level": 1,
    "locked_comments": false,
    "tags": [
      34,
      5,
      39,
      2,
      51,
      52,
      53,
      54,
      50,
      15
    ]
  }
},
{
  "model": "tesys_tagboard.post",
  "pk": 17,
  "fields": {
    "title": "",
    "uploader": 1,
    "post_date": "2025-11-15T03:22:17.753Z",
    "rating_level": 1,
    "locked_comments": false,
    "tags": [
      55,
      1,
      48,
      56,
      15
    ]
  }
},
{
  "model": "tesys_tagboard.post",
  "pk": 18,
  "fields": {
    "title": "",
    "uploader": 1,
    "post_date": "2025-11-15T03:25:15.458Z",
    "rating_level": 1,
    "locked_comments": false,
    "tags": [
      44,
      24,
      58,
      57,
      15
    ]
  }
},
{
  "model": "tesys_tagboard.post",
  "pk": 19,
  "fields": {
    "title": "",
    "uploader": 1,
    "post_date": "2025-11-15T03:30:07.115Z",
    "rating_level": 0,
    "locked_comments": false,
    "tags": [
      34,
      5,
      19,
      1,
      2,
      31,
      59
    ]
  }
},
{
  "model": "tesys_tagboard.post",
  "pk": 20,
  "fields": {
    "title": "",
    "uploader": 1,
    "post_date": "2025-11-15T03:35:22.504Z",
    "rating_level": 1,
    "locked_comments": false,
    "tags": [
      34,
      62,
      32,
      60,
      3,
      63,
      61,
      15
    ]
  }
},
{
  "model": "tesys_tagboard.post",
  "pk": 21,
  "fields": {
    "title": "",
    "uploader": 1,
    "post_date": "2025-11-15T03:40:47.118Z",
    "rating_level": 1,
    "locked_comments": false,
    "tags": [
      44,
      65,
      64,
      66,
      67,
      68,
      15
    ]
  }
},
{
  "model": "tesys_tagboard.post",
  "pk": 22,
  "fields": {
    "title": "",
    "uploader": 1,
    "post_date": "2025-11-15T03:44:44.374Z",
    "rating_level": 1,
    "locked_comments": false,
    "tags": [
      44,
      58,
      72,
      73,
      70,
      69,
      71
    ]
  }
},
{
  "model": "tesys_tagboard.post",
  "pk": 23,
  "fields": {
    "title": "",
    "uploader": 1,
    "post_date": "2025-11-15T03:47:57.052Z",
    "rating_level": 1,
    "locked_comments": false,
    "tags": [
      44,
      24,
      17,
      62,
      60,
      65,
      33,
      74,
      15
    ]
  }
},
{
  "model": "tesys_tagboard.post",
  "pk": 24,
  "fields": {
    "title": "",
    "uploader": 1,
    "post_date": "2025-11-15T03:51:15.750Z",
    "rating_level": 1,
    "locked_comments": false,
    "tags": [
      44,
      17,
      75,
      78,
      76,
      77,
      15
    ]
  }
},
{
  "model": "tesys_tagboard.post",
  "pk": 25,
  "fields": {
    "title": "",
    "uploader": 1,
    "post_date": "2025-11-15T04:06:45.370Z",
    "rating_level": 1,
    "locked_comments": false,
    "tags": [
      44,
      17,
      32,
      65,
      80,
      15
    ]
  }
},
{
  "model": "tesys_tagboard.post",
  "pk": 26,
  "fields": {
    "title": "",
    "uploader": 1,
    "post_date": "2025-11-15T04:09:23.487Z",
    "rating_level": 1,
    "locked_comments": false,
    "tags": [
      44,
      5,
      65,
      79,
      15
    ]
  }
},
{
  "model": "tesys_tagboard.post",
  "pk": 27,
  "fields": {
    "title": "",
    "uploader": 1,
    "post_date": "2025-11-15T04:15:56.399Z",
    "rating_level": 1,
    "locked_comments": false,
    "tags": [
      55,
      84,
      82,
      83,
      15
    ]
  }
},
{
  "model": "tesys_tagboard.post",
  "pk": 28,
  "fields": {
    "title": "",
    "uploader": 1,
    "post_date": "2025-11-15T04:18:30.912Z",
    "rating_level": 1,
    "locked_comments": false,
    "tags": [
      55,
      39,
      4,
      88,
      87,
      86,
      15
    ]
  }
},
{
  "model": "tesys_tagboard.post",
  "pk": 29,
  "fields": {
    "title": "",
    "uploader": 1,
    "post_date": "2025-11-15T04:21:25.499Z",
    "rating_level": 1,
    "locked_comments": false,
    "tags": [
      55,
      39,
      4,
      2,
      88,
      89,
      90,
      15
    ]
  }
},
{
  "model": "tesys_tagboard.post",
  "pk": 30,
  "fields": {
    "title": "",
    "uploader": 1,
    "post_date": "2025-11-15T04:28:38.743Z",
    "rating_level": 1,
    "locked_comments": false,
    "tags": [
      55,
      17,
      81,
      84,
      91,
      15
    ]
  }
},
{
  "model": "tesys_tagboard.post",
  "pk": 31,
  "fields": {
    "title": "",
    "uploader": 1,
    "post_date": "2025-11-15T04:32:08.221Z",
    "rating_level": 1,
    "locked_comments": false,
    "tags": [
      55,
      1,
      95,
      3,
      87,
      92,
      93,
      94,
      15
    ]
  }
},
{
  "model": "tesys_tagboard.post",
  "pk": 32,
  "fields": {
    "title": "",
    "uploader": 1,
    "post_date": "2025-11-15T04:50:00.586Z",
    "rating_level": 1,
    "locked_comments": false,
    "tags": [
      34,
      62,
      63,
      59,
      96,
      20,
      97,
      15
    ]
  }
},
{
  "model": "tesys_tagboard.post",
  "pk": 33,
  "fields": {
    "title": "",
    "uploader": 1,
    "post_date": "2025-11-15T04:54:41.124Z",
    "rating_level": 1,
    "locked_comments": false,
    "tags": [
      34,
      24,
      62,
      60,
      16,
      19,
      101,
      73,
      74,
      96,
      100,
      99,
      15
    ]
  }
},
{
  "model": "tesys_tagboard.post",
  "pk": 34,
  "fields": {
    "title": "",
    "uploader": 1,
    "post_date": "2025-11-15T04:57:40.239Z",
    "rating_level": 1,
    "locked_comments": false,
    "tags": [
      22,
      32,
      62,
      19,
      101,
      104,
      102,
      103,
      15
    ]
  }
},
{
  "model": "tesys_tagboard.post",
  "pk": 36,
  "fields": {
    "title": "",
    "uploader": 4,
    "post_date": "2025-12-10T16:06:23.228Z",
    "rating_level": 1,
    "locked_comments": false,
    "tags": [
      109,
      39,
      95,
      106,
      107,
      108
    ]
  }
},
{
  "model": "tesys_tagboard.post",
  "pk": 37,
  "fields": {
    "title": "",
    "uploader": 4,
    "post_date": "2025-12-10T16:16:31.205Z",
    "rating_level": 1,
    "locked_comments": false,
    "tags": [
      109,
      110,
      106,
      111,
      15
    ]
  }
},
{
  "model": "tesys_tagboard.post",
  "pk": 38,
  "fields": {
    "title": "",
    "uploader": 4,
    "post_date": "2025-12-10T16:23:21.028Z",
    "rating_level": 1,
    "locked_comments": false,
    "tags": [
      109,
      5,
      113,
      116,
      118,
      114,
      115,
      15
    ]
  }
},
{
  "model": "tesys_tagboard.post",
  "pk": 39,
  "fields": {
    "title": "",
    "uploader": 4,
    "post_date": "2025-12-10T16:30:10.563Z",
    "rating_level": 1,
    "locked_comments": false,
    "tags": [
      109,
      17,
      32,
      4,
      120,
      81,
      119,
      15
    ]
  }
},
{
  "model": "tesys_tagboard.post",
  "pk": 40,
  "fields": {
    "title": "",
    "uploader": 4,
    "post_date": "2025-12-10T16:32:01.795Z",
    "rating_level": 1,
    "locked_comments": false,
    "tags": [
      109,
      19,
      110,
      25,
      33,
      121,
      15
    ]
  }
},
{
  "model": "tesys_tagboard.post",
  "pk": 41,
  "fields": {
    "title": "",
    "uploader": 4,
    "post_date": "2025-12-10T16:33:49.891Z",
    "rating_level": 1,
    "locked_comments": false,
    "tags": [
      109,
      95,
      106,
      107,
      108,
      15
    ]
  }
},
{
  "model": "tesys_tagboard.post",
  "pk": 42,
  "fields": {
    "title": "",
    "uploader": 4,
    "post_date": "2025-12-10T16:35:37.257Z",
    "rating_level": 1,
    "locked_comments": false,
    "tags": [
      109,
      39,
      25,
      72,
      122,
      15
    ]
  }
},
{
  "model": "tesys_tagboard.post",
  "pk": 43,
  "fields": {
    "title": "",
    "uploader": 4,
    "post_date": "2025-12-10T16:37:02.153Z",
    "rating_level": 1,
    "locked_comments": false,
    "tags": [
      109,
      25,
      111,
      123,
      15
    ]
  }
},
{
  "model": "tesys_tagboard.post",
  "pk": 44,
  "fields": {
    "title": "",
    "uploader": 4,
    "post_date": "2025-12-10T16:41:52.558Z",
    "rating_level": 1,
    "locked_comments": false,
    "tags": [
      109,
      24,
      62,
      60,
      110,
      16,
      101,
      107,
      45,
      98,
      15
    ]
  }
},
{
  "model": "tesys_tagboard.post",
  "pk": 45,
  "fields": {
    "title": "Cat in a camera shop",
    "uploader": 4,
    "post_date": "2025-12-10T18:05:03.596Z",
    "rating_level": 1,
    "locked_comments": false,
    "tags": [
      109,
      4,
      95,
      120,
      122,
      125,
      15
    ]
  }
},
{
  "model": "tesys_tagboard.post",
  "pk": 46,
  "fields": {
    "title": "A pharmacy on a street corner in Hong Kong",
    "uploader": 4,
    "post_date": "2025-12-10T18:11:52.249Z",
    "rating_level": 1,
    "locked_comments": false,
    "tags": [
      109,
      24,
      32,
      60,
      110,
      120,
      111,
      113,
      126,
      15
    ]
  }
},
{
  "model": "tesys_tagboard.posttaghistory",
  "pk": 149,
  "fields": {
    "post": 9,
    "user": 1,
    "mod_time": "2026-01-06T14:51:21.472Z",
    "tags": "22, 32, 31, 30, 15"
  }
},
{
  "model": "tesys_tagboard.posttaghistory",
  "pk": 150,
  "fields": {
    "post": 10,
    "user": 1,
    "mod_time": "2026-01-06T14:51:21.528Z",
    "tags": "22, 24, 3, 26, 27, 28, 15"
  }
},
{
  "model": "tesys_tagboard.posttaghistory",
  "pk": 151,
  "fields": {
    "post": 11,
    "user": 1,
    "mod_time": "2026-01-06T14:51:21.568Z",
    "tags": "34, 5, 16, 18, 29, 15"
  }
},
{
  "model": "tesys_tagboard.posttaghistory",
  "pk": 152,
  "fields": {
    "post": 12,
    "user": 1,
    "mod_time": "2026-01-06T14:51:21.605Z",
    "tags": "35, 17, 4, 16, 18, 15"
  }
},
{
  "model": "tesys_tagboard.posttaghistory",
  "pk": 153,
  "fields": {
    "post": 13,
    "user": 1,
    "mod_time": "2026-01-06T14:51:21.672Z",
    "tags": "22, 24, 39, 5, 1, 21, 36, 37, 38"
  }
},
{
  "model": "tesys_tagboard.posttaghistory",
  "pk": 154,
  "fields": {
    "post": 14,
    "user": 1,
    "mod_time": "2026-01-06T14:51:21.706Z",
    "tags": "44, 41, 40, 43"
  }
},
{
  "model": "tesys_tagboard.posttaghistory",
  "pk": 155,
  "fields": {
    "post": 15,
    "user": 1,
    "mod_time": "2026-01-06T14:51:21.742Z",
    "tags": "44, 48, 45, 46, 47, 49, 15"
  }
},
{
  "model": "tesys_tagboard.posttaghistory",
  "pk": 156,
  "fields": {
    "post": 16,
    "user": 1,
    "mod_time": "2026-01-06T14:51:21.777Z",
    "tags": "34, 5, 39, 2, 51, 52, 53, 54, 50, 15"
  }
},
{
  "model": "tesys_tagboard.posttaghistory",
  "pk": 157,
  "fields": {
    "post": 17,
    "user": 1,
    "mod_time": "2026-01-06T14:51:21.812Z",
    "tags": "55, 1, 48, 56, 15"
  }
},
{
  "model": "tesys_tagboard.posttaghistory",
  "pk": 158,
  "fields": {
    "post": 18,
    "user": 1,
    "mod_time": "2026-01-06T14:51:21.848Z",
    "tags": "44, 24, 58, 57, 15"
  }
},
{
  "model": "tesys_tagboard.posttaghistory",
  "pk": 159,
  "fields": {
    "post": 19,
    "user": 1,
    "mod_time": "2026-01-06T14:51:21.883Z",
    "tags": "34, 5, 19, 1, 2, 31, 59"
  }
},
{
  "model": "tesys_tagboard.posttaghistory",
  "pk": 160,
  "fields": {
    "post": 20,
    "user": 1,
    "mod_time": "2026-01-06T14:51:21.918Z",
    "tags": "34, 62, 32, 60, 3, 63, 61, 15"
  }
},
{
  "model": "tesys_tagboard.posttaghistory",
  "pk": 161,
  "fields": {
    "post": 21,
    "user": 1,
    "mod_time": "2026-01-06T14:51:21.953Z",
    "tags": "44, 65, 64, 66, 67, 68, 15"
  }
},
{
  "model": "tesys_tagboard.posttaghistory",
  "pk": 162,
  "fields": {
    "post": 22,
    "user": 1,
    "mod_time": "2026-01-06T14:51:21.987Z",
    "tags": "44, 58, 72, 73, 70, 69, 71"
  }
},
{
  "model": "tesys_tagboard.posttaghistory",
  "pk": 163,
  "fields": {
    "post": 23,
    "user": 1,
    "mod_time": "2026-01-06T14:51:22.026Z",
    "tags": "44, 24, 17, 62, 60, 65, 33, 74, 15"
  }
},
{
  "model": "tesys_tagboard.posttaghistory",
  "pk": 164,
  "fields": {
    "post": 24,
    "user": 1,
    "mod_time": "2026-01-06T14:51:22.062Z",
    "tags": "44, 17, 75, 78, 76, 77, 15"
  }
},
{
  "model": "tesys_tagboard.posttaghistory",
  "pk": 165,
  "fields": {
    "post": 25,
    "user": 1,
    "mod_time": "2026-01-06T14:51:22.127Z",
    "tags": "44, 17, 32, 65, 80, 15"
  }
},
{
  "model": "tesys_tagboard.posttaghistory",
  "pk": 166,
  "fields": {
    "post": 26,
    "user": 1,
    "mod_time": "2026-01-06T14:51:22.165Z",
    "tags": "44, 5, 65, 79, 15"
  }
},
{
  "model": "tesys_tagboard.posttaghistory",
  "pk": 167,
  "fields": {
    "post": 27,
    "user": 1,
    "mod_time": "2026-01-06T14:51:22.207Z",
    "tags": "55, 84, 82, 83, 15"
  }
},
{
  "model": "tesys_tagboard.posttaghistory",
  "pk": 168,
  "fields": {
    "post": 28,
    "user": 1,
    "mod_time": "2026-01-06T14:51:22.242Z",
    "tags": "55, 39, 4, 88, 87, 86, 15"
  }
},
{
  "model": "tesys_tagboard.posttaghistory",
  "pk": 169,
  "fields": {
    "post": 29,
    "user": 1,
    "mod_time": "2026-01-06T14:51:22.277Z",
    "tags": "55, 39, 4, 2, 88, 89, 90, 15"
  }
},
{
  "model": "tesys_tagboard.posttaghistory",
  "pk": 170,
  "fields": {
    "post": 30,
    "user": 1,
    "mod_time": "2026-01-06T14:51:22.311Z",
    "tags": "55, 17, 81, 84, 91, 15"
  }
},
{
  "model": "tesys_tagboard.posttaghistory",
  "pk": 171,
  "fields": {
    "post": 31,
    "user": 1,
    "mod_time": "2026-01-06T14:51:22.346Z",
    "tags": "55, 1, 95, 3, 87, 92, 93, 94, 15"
  }
},
{
  "model": "tesys_tagboard.posttaghistory",
  "pk": 172,
  "fields": {
    "post": 32,
    "user": 1,
    "mod_time": "2026-01-06T14:51:22.381Z",
    "tags": "34, 62, 63, 59, 96, 20, 97, 15"
  }
},
{
  "model": "tesys_tagboard.posttaghistory",
  "pk": 173,
  "fields": {
    "post": 33,
    "user": 1,
    "mod_time": "2026-01-06T14:51:22.429Z",
    "tags": "34, 24, 62, 60, 16, 19, 101, 73, 74, 96, 100, 99, 15"
  }
},
{
  "model": "tesys_tagboard.posttaghistory",
  "pk": 174,
  "fields": {
    "post": 34,
    "user": 1,
    "mod_time": "2026-01-06T14:51:22.496Z",
    "tags": "22, 32, 62, 19, 101, 104, 102, 103, 15"
  }
},
{
  "model": "tesys_tagboard.posttaghistory",
  "pk": 175,
  "fields": {
    "post": 36,
    "user": 4,
    "mod_time": "2026-01-06T14:51:22.532Z",
    "tags": "109, 39, 95, 106, 107, 108"
  }
},
{
  "model": "tesys_tagboard.posttaghistory",
  "pk": 176,
  "fields": {
    "post": 37,
    "user": 4,
    "mod_time": "2026-01-06T14:51:22.583Z",
    "tags": "109, 110, 106, 111, 15"
  }
},
{
  "model": "tesys_tagboard.posttaghistory",
  "pk": 177,
  "fields": {
    "post": 38,
    "user": 4,
    "mod_time": "2026-01-06T14:51:22.645Z",
    "tags": "109, 5, 113, 116, 118, 114, 115, 15"
  }
},
{
  "model": "tesys_tagboard.posttaghistory",
  "pk": 178,
  "fields": {
    "post": 39,
    "user": 4,
    "mod_time": "2026-01-06T14:51:22.680Z",
    "tags": "109, 17, 32, 4, 120, 81, 119, 15"
  }
},
{
  "model": "tesys_tagboard.posttaghistory",
  "pk": 179,
  "fields": {
    "post": 40,
    "user": 4,
    "mod_time": "2026-01-06T14:51:22.714Z",
    "tags": "109, 19, 110, 25, 33, 121, 15"
  }
},
{
  "model": "tesys_tagboard.posttaghistory",
  "pk": 180,
  "fields": {
    "post": 41,
    "user": 4,
    "mod_time": "2026-01-06T14:51:22.749Z",
    "tags": "109, 95, 106, 107, 108, 15"
  }
},
{
  "model": "tesys_tagboard.posttaghistory",
  "pk": 181,
  "fields": {
    "post": 42,
    "user": 4,
    "mod_time": "2026-01-06T14:51:22.783Z",
    "tags": "109, 39, 25, 72, 122, 15"
  }
},
{
  "model": "tesys_tagboard.posttaghistory",
  "pk": 182,
  "fields": {
    "post": 43,
    "user": 4,
    "mod_time": "2026-01-06T14:51:22.818Z",
    "tags": "109, 25, 111, 123, 15"
  }
},
{
  "model": "tesys_tagboard.posttaghistory",
  "pk": 183,
  "fields": {
    "post": 44,
    "user": 4,
    "mod_time": "2026-01-06T14:51:22.852Z",
    "tags": "109, 24, 62, 60, 110, 16, 101, 107, 45, 98, 15"
  }
},
{
  "model": "tesys_tagboard.posttaghistory",
  "pk": 184,
  "fields": {
    "post": 45,
    "user": 4,
    "mod_time": "2026-01-06T14:51:22.887Z",
    "tags": "109, 4, 95, 120, 122, 125, 15"
  }
},
{
  "model": "tesys_tagboard.posttaghistory",
  "pk": 185,
  "fields": {
    "post": 46,
    "user": 4,
    "mod_time": "2026-01-06T14:51:22.927Z",
    "tags": "109, 24, 32, 60, 110, 120, 111, 113, 126, 15"
  }
},
{
  "model": "tesys_tagboard.posttaghistory",
  "pk": 186,
  "fields": {
    "post": 9,
    "user": 1,
    "mod_time": "2026-01-06T15:09:33.694Z",
    "tags": "22, 5, 32, 31, 30, 15"
  }
},
{
  "model": "tesys_tagboard.collection",
  "pk": 1,
  "fields": {
    "user": 1,
    "name": "Admin Collection #1",
    "desc": "A Test collection",
    "public": true,
    "posts": [
      9,
      24
    ]
  }
},
{
  "model": "tesys_tagboard.collection",
  "pk": 2,
  "fields": {
    "user": 1,
    "name": "Admin Collection #2",
    "desc": "A second test collection :P",
    "public": true,
    "posts": [
      20,
      28,
      32,
      33
    ]
  }
},
{
  "model": "tesys_tagboard.collection",
  "pk": 3,
  "fields": {
    "user": 4,
    "name": "User 1 Collection",
    "desc": "Test collection for user1",
    "public": true,
    "posts": [
      9,
      10,
      12,
      45
    ]
  }
},
{
  "model": "tesys_tagboard.comment",
  "pk": 1,
  "fields": {
    "post": 9,
    "user": 1,
    "text": "Lorem ipsum dolor sit amet, consetetur sadipscing elitr, sed diam nonumy eirmod tempor invidunt ut labore et dolore magna aliquyam erat, sed diam voluptua. At vero eos et accusam et justo duo dolores et ea rebum. Stet clita kasd gubergren, no sea takimata sanctus est Lorem ipsum dolor sit amet. Lorem ipsum dolor sit amet, consetetur sadipscing elitr, sed diam nonumy eirmod tempor invidunt ut labore et dolore magna aliquyam erat, sed diam voluptua. At vero eos et accusam et justo duo dolores et ea rebum. Stet clita kasd gubergren, no sea takimata sanctus est Lorem ipsum dolor sit amet.",
    "post_date": "2025-12-02T15:10:52.030Z",
    "edit_date": "2025-12-02T15:10:52.030Z"
  }
},
{
  "model": "tesys_tagboard.comment",
  "pk": 2,
  "fields": {
    "post": 9,
    "user": 1,
    "text": "Lorem ipsum dolor sit amet, consetetur sadipscing elitr, sed diam nonumy eirmod tempor invidunt ut labore et dolore magna aliquyam",
    "post_date": "2025-12-02T15:11:03.319Z",
    "edit_date": "2025-12-02T15:11:03.319Z"
  }
},
{
  "model": "tesys_tagboard.comment",
  "pk": 3,
  "fields": {
    "post": 9,
    "user": 1,
    "text": "Lorem ipsum dolor sit amet, consetetur sadipscing elitr, sed diam nonumy eirmod tempor invidunt ut labore et dolore magna aliquyam erat, sed diam voluptua. At vero eos et accusam et",
    "post_date": "2025-12-02T15:11:17.183Z",
    "edit_date": "2025-12-02T15:11:17.183Z"
  }
},
{
  "model": "tesys_tagboard.comment",
  "pk": 4,
  "fields": {
    "post": 9,
    "user": 1,
    "text": "Lorem ipsum dolor sit amet consectetur adipiscing elit. Sit amet consectetur adipiscing elit quisque faucibus ex. Adipiscing elit quisque faucibus ex sapien vitae pellentesque.",
    "post_date": "2025-12-02T15:12:09.879Z",
    "edit_date": "2025-12-02T15:12:09.879Z"
  }
},
{
  "model": "tesys_tagboard.comment",
  "pk": 5,
  "fields": {
    "post": 9,
    "user": 1,
    "text": "Lorem ipsum dolor sit amet consectetur adipiscing elit. Amet consectetur adipiscing elit quisque faucibus ex sapien. Quisque faucibus ex sapien vitae pellentesque sem placerat. Vitae pellentesque sem placerat in id cursus mi.",
    "post_date": "2025-12-02T15:13:02.053Z",
    "edit_date": "2025-12-02T15:13:02.053Z"
  }
},
{
  "model": "tesys_tagboard.comment",
  "pk": 6,
  "fields": {
    "post": 9,
    "user": 1,
    "text": "Lorem ipsum dolor sit amet consectetur adipiscing elit.",
    "post_date": "2025-12-02T15:13:14.668Z",
    "edit_date": "2025-12-02T15:13:14.668Z"
  }
},
{
  "model": "tesys_tagboard.comment",
  "pk": 7,
  "fields": {
    "post": 9,
    "user": 1,
    "text": "Lorem ipsum dolor sit amet consectetur adipiscing elit.",
    "post_date": "2025-12-02T15:13:18.676Z",
    "edit_date": "2025-12-02T15:13:18.676Z"
  }
},
{
  "model": "tesys_tagboard.comment",
  "pk": 8,
  "fields": {
    "post": 9,
    "user": 1,
    "text": "Lorem ipsum dolor sit amet consectetur adipiscing elit.",
    "post_date": "2025-12-02T15:13:21.112Z",
    "edit_date": "2025-12-02T15:13:21.112Z"
  }
},
{
  "model": "tesys_tagboard.comment",
  "pk": 9,
  "fields": {
    "post": 9,
    "user": 1,
    "text": "Lorem ipsum dolor sit amet consectetur adipiscing elit.",
    "post_date": "2025-12-02T15:13:23.872Z",
    "edit_date": "2025-12-02T15:13:23.872Z"
  }
},
{
  "model": "tesys_tagboard.comment",
  "pk": 10,
  "fields": {
    "post": 9,
    "user": 1,
    "text": "Lorem ipsum dolor sit amet consectetur adipiscing elit.",
    "post_date": "2025-12-02T15:13:26.689Z",
    "edit_date": "2025-12-02T15:13:26.689Z"
  }
},
{
  "model": "tesys_tagboard.comment",
  "pk": 11,
  "fields": {
    "post": 9,
    "user": 1,
    "text": "Lorem ipsum dolor sit amet consectetur adipiscing elit.",
    "post_date": "2025-12-02T15:13:31.064Z",
    "edit_date": "2025-12-02T15:13:31.064Z"
  }
},
{
  "model": "tesys_tagboard.comment",
  "pk": 12,
  "fields": {
    "post": 9,
    "user": 1,
    "text": "Lorem ipsum dolor sit amet consectetur adipiscing elit",
    "post_date": "2025-12-02T15:13:34.577Z",
    "edit_date": "2025-12-02T15:13:34.577Z"
  }
},
{
  "model": "tesys_tagboard.comment",
  "pk": 13,
  "fields": {
    "post": 9,
    "user": 4,
    "text": "Justo patrioque signiferumque te ius, te vel paulo menandri corrumpit. Nec an meliore senserit disputationi, mel an explicari repudiandae.",
    "post_date": "2025-12-02T15:15:01.345Z",
    "edit_date": "2025-12-02T15:15:01.345Z"
  }
},
{
  "model": "tesys_tagboard.comment",
  "pk": 14,
  "fields": {
    "post": 9,
    "user": 4,
    "text": "Cu vis singulis tractatos cotidieque. Esse concludaturque eu vim, pro elit legendos patrioque in.",
    "post_date": "2025-12-02T15:15:14.521Z",
    "edit_date": "2025-12-02T15:15:14.521Z"
  }
},
{
  "model": "tesys_tagboard.comment",
  "pk": 15,
  "fields": {
    "post": 9,
    "user": 4,
    "text": "Vis ne dolorem maiorum. Vix mundi petentium no, utamur iudicabit contentiones cum et, cu ornatus feugait omnesque eum. Timeam signiferumque sea et, ullum clita commune pri id.",
    "post_date": "2025-12-02T15:15:22.052Z",
    "edit_date": "2025-12-02T15:15:22.052Z"
  }
},
{
  "model": "tesys_tagboard.comment",
  "pk": 16,
  "fields": {
    "post": 10,
    "user": 4,
    "text": "Modus choro scriptorem nec ad, scaevola iudicabit democritum has te, erat copiosae indoctum qui id. Impedit probatus ullamcorper vix no. Te alia aeque mea. Has ne blandit torquatos, id pro omnium civibus. Sed erant dicam melius ne, solet eleifend theophrastus qui id.",
    "post_date": "2025-12-02T15:15:46.098Z",
    "edit_date": "2025-12-02T15:15:46.098Z"
  }
},
{
  "model": "tesys_tagboard.comment",
  "pk": 17,
  "fields": {
    "post": 10,
    "user": 4,
    "text": "Quo eirmod scripta efficiantur no, no nonumy possit salutatus ius. Debet aeque id duo, est rebum simul perfecto cu, graecis similique sententiae vix ea.",
    "post_date": "2025-12-02T15:15:58.668Z",
    "edit_date": "2025-12-02T15:15:58.668Z"
  }
},
{
  "model": "tesys_tagboard.comment",
  "pk": 18,
  "fields": {
    "post": 10,
    "user": 4,
    "text": "Vis suas sint molestiae et, tale omnis intellegam ei his, nec in tempor tincidunt intellegat.",
    "post_date": "2025-12-02T15:16:07.353Z",
    "edit_date": "2025-12-02T15:16:07.353Z"
  }
},
{
  "model": "tesys_tagboard.comment",
  "pk": 19,
  "fields": {
    "post": 10,
    "user": 4,
    "text": "Te ius tacimates intellegat, fierent periculis sit cu.",
    "post_date": "2025-12-02T15:16:15.771Z",
    "edit_date": "2025-12-02T15:16:15.771Z"
  }
},
{
  "model": "tesys_tagboard.comment",
  "pk": 20,
  "fields": {
    "post": 10,
    "user": 5,
    "text": "Pri quem officiis assueverit ei.",
    "post_date": "2025-12-02T15:17:10.666Z",
    "edit_date": "2025-12-02T15:17:10.666Z"
  }
},
{
  "model": "tesys_tagboard.comment",
  "pk": 21,
  "fields": {
    "post": 10,
    "user": 5,
    "text": "Ius ex vocibus mandamus liberavisse, justo denique delicatissimi no nec. Qui te soluta detracto. Ne vim dolor solet, eu populo tacimates per.",
    "post_date": "2025-12-02T15:17:22.483Z",
    "edit_date": "2025-12-02T15:17:22.483Z"
  }
},
{
  "model": "tesys_tagboard.comment",
  "pk": 22,
  "fields": {
    "post": 10,
    "user": 5,
    "text": "Sed magna antiopam ex, pri doming urbanitas an. Te labore ocurreret vix, an qui purto erant.",
    "post_date": "2025-12-02T15:17:29.174Z",
    "edit_date": "2025-12-02T15:17:29.174Z"
  }
},
{
  "model": "tesys_tagboard.comment",
  "pk": 23,
  "fields": {
    "post": 10,
    "user": 5,
    "text": "An per delectus oporteat referrentur. Mea id paulo perpetua, ex qui putant legimus scaevola. Cum reque causae efficiendi ne, ut duo alterum expetendis, mea eu semper dolores.",
    "post_date": "2025-12-02T15:17:47.219Z",
    "edit_date": "2025-12-02T15:17:47.219Z"
  }
},
{
  "model": "tesys_tagboard.comment",
  "pk": 24,
  "fields": {
    "post": 9,
    "user": 5,
    "text": "An per delectus oporteat referrentur. Mea id paulo perpetua, ex qui putant legimus scaevola. Cum reque causae efficiendi ne, ut duo alterum expetendis, mea eu semper dolores.",
    "post_date": "2025-12-02T15:18:07.771Z",
    "edit_date": "2025-12-02T15:18:07.771Z"
  }
},
{
  "model": "tesys_tagboard.comment",
  "pk": 25,
  "fields": {
    "post": 9,
    "user": 5,
    "text": "In sale vidit lucilius eum, ex vix numquam molestie, erat prima mel in. Vix justo audiam alienum et. Ut legimus philosophia pro. Ad quo mucius verear, eu sit saperet officiis.",
    "post_date": "2025-12-02T15:18:14.342Z",
    "edit_date": "2025-12-02T15:18:14.342Z"
  }
},
{
  "model": "tesys_tagboard.comment",
  "pk": 26,
  "fields": {
    "post": 9,
    "user": 5,
    "text": "Nec ad porro deserunt, eum bonorum saperet an. An ius posidonium dissentiet, clita primis expetendis at eam, cu sint postea minimum mel. Feugiat disputationi te quo. Duo at commodo bonorum, graece invenire rationibus mel eu.",
    "post_date": "2025-12-02T15:18:28.576Z",
    "edit_date": "2025-12-02T15:18:28.576Z"
  }
},
{
  "model": "tesys_tagboard.comment",
  "pk": 27,
  "fields": {
    "post": 9,
    "user": 5,
    "text": "At sale augue efficiantur nec. Est populo verterem deserunt eu, id solum posse laoreet sed.",
    "post_date": "2025-12-02T15:18:39.946Z",
    "edit_date": "2025-12-02T15:18:39.946Z"
  }
},
{
  "model": "tesys_tagboard.comment",
  "pk": 28,
  "fields": {
    "post": 9,
    "user": 5,
    "text": "Malis accusata ius ex, no est nostrum periculis principes.",
    "post_date": "2025-12-02T15:18:48.947Z",
    "edit_date": "2025-12-02T15:18:48.947Z"
  }
},
{
  "model": "tesys_tagboard.comment",
  "pk": 29,
  "fields": {
    "post": 9,
    "user": 1,
    "text": "Tacimates contentiones his in, fabellas efficiantur no eam. Usu in modus tempor incorrupte, sea case lorem ne. Dico singulis assueverit sit id, melius delenit has ne. Ludus melius ad qui, viris quodsi definitiones nec et.",
    "post_date": "2025-12-02T15:19:54.670Z",
    "edit_date": "2025-12-02T15:19:54.670Z"
  }
},
{
  "model": "tesys_tagboard.comment",
  "pk": 30,
  "fields": {
    "post": 9,
    "user": 1,
    "text": "Sale omittantur vix ne, soluta scaevola referrentur has te.",
    "post_date": "2025-12-02T15:20:00.889Z",
    "edit_date": "2025-12-02T15:20:00.890Z"
  }
},
{
  "model": "tesys_tagboard.comment",
  "pk": 31,
  "fields": {
    "post": 9,
    "user": 1,
    "text": "Tantas possim delicata sed ne, pri choro inermis legendos cu.",
    "post_date": "2025-12-02T15:20:10.486Z",
    "edit_date": "2025-12-02T15:20:10.486Z"
  }
},
{
  "model": "tesys_tagboard.comment",
  "pk": 32,
  "fields": {
    "post": 9,
    "user": 1,
    "text": "An mundi postulant pri, sea falli saepe latine et, tacimates reprimique nec in.",
    "post_date": "2025-12-02T15:20:23.084Z",
    "edit_date": "2025-12-02T15:20:23.084Z"
  }
},
{
  "model": "tesys_tagboard.comment",
  "pk": 33,
  "fields": {
    "post": 9,
    "user": 1,
    "text": "At eos splendide cotidieque referrentur, ut vix lucilius interpretaris, etiam labitur delectus te sit.",
    "post_date": "2025-12-02T15:20:32.153Z",
    "edit_date": "2025-12-02T15:20:32.153Z"
  }
},
{
  "model": "tesys_tagboard.favorite",
  "pk": 3,
  "fields": {
    "post": 25,
    "user": 1
  }
},
{
  "model": "tesys_tagboard.favorite",
  "pk": 4,
  "fields": {
    "post": 26,
    "user": 1
  }
},
{
  "model": "tesys_tagboard.favorite",
  "pk": 6,
  "fields": {
    "post": 14,
    "user": 1
  }
},
{
  "model": "tesys_tagboard.favorite",
  "pk": 14,
  "fields": {
    "post": 10,
    "user": 1
  }
},
{
  "model": "tesys_tagboard.favorite",
  "pk": 15,
  "fields": {
    "post": 30,
    "user": 1
  }
},
{
  "model": "tesys_tagboard.favorite",
  "pk": 17,
  "fields": {
    "post": 22,
    "user": 4
  }
},
{
  "model": "tesys_tagboard.favorite",
  "pk": 18,
  "fields": {
    "post": 10,
    "user": 4
  }
},
{
  "model": "tesys_tagboard.favorite",
  "pk": 19,
  "fields": {
    "post": 14,
    "user": 5
  }
},
{
  "model": "tesys_tagboard.favorite",
  "pk": 20,
  "fields": {
    "post": 17,
    "user": 5
  }
},
{
  "model": "tesys_tagboard.favorite",
  "pk": 21,
  "fields": {
    "post": 34,
    "user": 5
  }
},
{
  "model": "tesys_tagboard.favorite",
  "pk": 22,
  "fields": {
    "post": 9,
    "user": 5
  }
},
{
  "model": "tesys_tagboard.favorite",
  "pk": 23,
  "fields": {
    "post": 9,
    "user": 1
  }
},
{
  "model": "users.user",
  "pk": 1,
  "fields": {
    "password": "argon2$argon2id$v=19$m=102400,t=2,p=8$aXd1OHI0dFloYkpXRHhBbktNdk8wUw$9E/WSrhvenhy0qaD/nT2RTQjnzMNszjvxiANDeoQ4s8",
    "last_login": "2026-01-06T14:58:41.843Z",
    "is_superuser": true,
    "username": "admin",
    "email": "tesy-tagboard@example.com",
    "is_staff": true,
    "is_active": true,
    "date_joined": "2025-11-14T19:38:38.835Z",
    "name": "",
    "groups": [],
    "user_permissions": []
  }
},
{
  "model": "users.user",
  "pk": 4,
  "fields": {
    "password": "argon2$argon2id$v=19$m=102400,t=2,p=8$ZVZMbmpPSFliRzNwM0JaR1BFM1lNOQ$4y/ERi8mwi75JxJAjXktUbCSfUtMulfI/+jgDrre2lE",
    "last_login": "2025-12-10T15:54:32.620Z",
    "is_superuser": false,
    "username": "user1",
    "email": "user1@example.com",
    "is_staff": false,
    "is_active": true,
    "date_joined": "2025-11-23T21:01:38.838Z",
    "name": "",
    "groups": [],
    "user_permissions": []
  }
},
{
  "model": "users.user",
  "pk": 5,
  "fields": {
    "password": "argon2$argon2id$v=19$m=102400,t=2,p=8$WkxhcjlEUFRoY05ESXRyZU1pbkpPVQ$uMeWSSxBHhB67LPMYlg6bC9FMr8DAwERonjXHOMXHSQ",
    "last_login": "2025-12-02T15:16:32.916Z",
    "is_superuser": false,
    "username": "user2",
    "email": "",
    "is_staff": false,
    "is_active": true,
    "date_joined": "2025-11-24T01:35:37.184Z",
    "name": "",
    "groups": [],
    "user_permissions": []
  }
},
{
  "model": "users.user",
  "pk": 6,
  "fields": {
    "password": "argon2$argon2id$v=19$m=102400,t=2,p=8$dDdzVDJrRGN2RTVCM1FsamZWbmNOeQ$VpY75V8ovIFdw7+IxmkJ/dlfbLfoni2Z6nsT9CpbOTU",
    "last_login": "2025-11-25T14:32:17Z",
    "is_superuser": false,
    "username": "mod1",
    "email": "mod1@example.com",
    "is_staff": true,
    "is_active": true,
    "date_joined": "2025-11-25T14:18:59Z",
    "name": "",
    "groups": [
      1
    ],
    "user_permissions": []
  }
}
]
